state,district,total_enrolment,total_demo_updates,total_bio_updates,UER,Cluster
100000,100000,218.0,2.0,0.0,0.0091324200913242,Standard
Andaman & Nicobar Islands,Andamans,75.0,750.0,2015.0,36.38157894736842,Biometric Stress Zone
Andaman & Nicobar Islands,Nicobars,1.0,4.0,2.0,3.0,Standard
Andaman & Nicobar Islands,South Andaman,38.0,305.0,367.0,17.23076923076923,Standard
Andaman and Nicobar Islands,Nicobar,75.0,787.0,1811.0,34.18421052631579,Biometric Stress Zone
Andaman and Nicobar Islands,North And Middle Andaman,132.0,2009.0,6383.0,63.097744360902254,Biometric Stress Zone
Andaman and Nicobar Islands,South Andaman,190.0,3391.0,10120.0,70.73821989528795,Migrant Hub
Andhra Pradesh,Adilabad,1419.0,29291.0,52038.0,57.27394366197183,Migrant Hub
Andhra Pradesh,Alluri Sitharama Raju,1255.0,12871.0,18607.0,25.062101910828027,Migrant Hub
Andhra Pradesh,Anakapalli,543.0,13460.0,6723.0,37.10110294117647,Migrant Hub
Andhra Pradesh,Anantapur,4415.0,68745.0,93565.0,36.75498188405797,Migrant Hub
Andhra Pradesh,Ananthapur,1994.0,30026.0,84132.0,57.22205513784461,Migrant Hub
Andhra Pradesh,Ananthapuramu,3187.0,55944.0,109602.0,51.92785445420326,Migrant Hub
Andhra Pradesh,Annamayya,1021.0,33634.0,9712.0,42.41291585127202,Migrant Hub
Andhra Pradesh,Bapatla,492.0,13514.0,5982.0,39.545638945233264,Migrant Hub
Andhra Pradesh,Chittoor,8195.0,169579.0,251405.0,51.364568081991216,Migrant Hub
Andhra Pradesh,Cuddapah,5934.0,83667.0,170796.0,42.87497893850042,Migrant Hub
Andhra Pradesh,Dr. B. R. Ambedkar Konaseema,665.0,14156.0,7306.0,32.22522522522522,Migrant Hub
Andhra Pradesh,East Godavari,7678.0,156025.0,301850.0,59.62690454486261,Migrant Hub
Andhra Pradesh,Eluru,629.0,17584.0,8230.0,40.974603174603175,Migrant Hub
Andhra Pradesh,Guntur,9729.0,177221.0,291694.0,48.19270298047277,Migrant Hub
Andhra Pradesh,Hyderabad,4840.0,36206.0,105744.0,29.322454038421814,Migrant Hub
Andhra Pradesh,K.V.Rangareddy,69.0,518.0,773.0,18.442857142857143,Standard
Andhra Pradesh,K.v. Rangareddy,19.0,166.0,404.0,28.5,Biometric Stress Zone
Andhra Pradesh,Kakinada,969.0,28269.0,11698.0,41.203092783505156,Migrant Hub
Andhra Pradesh,Karim Nagar,82.0,1151.0,1697.0,34.31325301204819,Standard
Andhra Pradesh,Karimnagar,659.0,10331.0,17127.0,41.6030303030303,Migrant Hub
Andhra Pradesh,Khammam,1133.0,32368.0,40958.0,64.66137566137566,Migrant Hub
Andhra Pradesh,Krishna,6737.0,111849.0,233247.0,51.21638468388246,Migrant Hub
Andhra Pradesh,Kurnool,11770.0,177645.0,350633.0,44.87961940361907,Migrant Hub
Andhra Pradesh,Mahabub Nagar,1511.0,12813.0,13852.0,17.63558201058201,Migrant Hub
Andhra Pradesh,Mahabubnagar,7.0,81.0,120.0,25.125,Standard
Andhra Pradesh,Mahbubnagar,722.0,9897.0,14739.0,34.0746887966805,Migrant Hub
Andhra Pradesh,Medak,1406.0,12963.0,22445.0,25.165600568585642,Migrant Hub
Andhra Pradesh,N. T. R,933.0,38070.0,13559.0,55.27730192719486,Migrant Hub
Andhra Pradesh,Nalgonda,1167.0,29844.0,32653.0,53.507705479452056,Migrant Hub
Andhra Pradesh,Nandyal,905.0,27385.0,10640.0,41.97019867549669,Migrant Hub
Andhra Pradesh,Nellore,5367.0,68123.0,158477.0,42.21311475409836,Migrant Hub
Andhra Pradesh,Nizamabad,524.0,5541.0,10979.0,31.466666666666665,Migrant Hub
Andhra Pradesh,Palnadu,860.0,25495.0,10053.0,41.28687572590012,Migrant Hub
Andhra Pradesh,Parvathipuram Manyam,508.0,9391.0,10630.0,39.33398821218075,Migrant Hub
Andhra Pradesh,Prakasam,7623.0,120498.0,212299.0,43.65123294858342,Migrant Hub
Andhra Pradesh,Rangareddi,1883.0,22245.0,54587.0,40.78131634819533,Migrant Hub
Andhra Pradesh,Spsr Nellore,2183.0,0.0,0.0,0.0,Growth Zone
Andhra Pradesh,Sri Potti Sriramulu Nellore,1614.0,22065.0,10135.0,19.938080495356036,Migrant Hub
Andhra Pradesh,Sri Sathya Sai,938.0,22107.0,10415.0,34.63471778487753,Migrant Hub
Andhra Pradesh,Srikakulam,4300.0,135699.0,192607.0,76.33248081841433,Migrant Hub
Andhra Pradesh,Tirupati,1719.0,33230.0,10398.0,25.365116279069767,Migrant Hub
Andhra Pradesh,Visakhapatanam,226.0,0.0,0.0,0.0,Standard
Andhra Pradesh,Visakhapatnam,8178.0,157193.0,311303.0,57.28035212128622,Migrant Hub
Andhra Pradesh,Vizianagaram,3856.0,78887.0,159998.0,61.93544205340939,Migrant Hub
Andhra Pradesh,Warangal,1059.0,34766.0,51758.0,81.62641509433962,Migrant Hub
Andhra Pradesh,West Godavari,5935.0,126806.0,220414.0,58.49393530997305,Migrant Hub
Andhra Pradesh,Y. S. R,823.0,28186.0,8608.0,44.65291262135922,Migrant Hub
Arunachal Pradesh,Anjaw,37.0,760.0,1171.0,50.81578947368421,Biometric Stress Zone
Arunachal Pradesh,Changlang,803.0,5659.0,8183.0,17.21641791044776,Migrant Hub
Arunachal Pradesh,Dibang Valley,10.0,160.0,471.0,57.36363636363637,Biometric Stress Zone
Arunachal Pradesh,East Kameng,181.0,1422.0,4297.0,31.423076923076923,Biometric Stress Zone
Arunachal Pradesh,East Siang,168.0,2503.0,3321.0,34.46153846153846,Standard
Arunachal Pradesh,Kamle,30.0,318.0,143.0,14.870967741935484,Standard
Arunachal Pradesh,Kra Daadi,81.0,514.0,1240.0,21.390243902439025,Biometric Stress Zone
Arunachal Pradesh,Kurung Kumey,75.0,335.0,3390.0,49.01315789473684,Biometric Stress Zone
Arunachal Pradesh,Leparada,3.0,23.0,36.0,14.75,Biometric Stress Zone
Arunachal Pradesh,Lohit,166.0,1866.0,3891.0,34.47305389221557,Biometric Stress Zone
Arunachal Pradesh,Longding,897.0,1485.0,2599.0,4.547884187082405,Biometric Stress Zone
Arunachal Pradesh,Lower Dibang Valley,109.0,1157.0,2248.0,30.954545454545453,Biometric Stress Zone
Arunachal Pradesh,Lower Siang,31.0,339.0,413.0,23.5,Standard
Arunachal Pradesh,Lower Subansiri,105.0,1521.0,2680.0,39.632075471698116,Biometric Stress Zone
Arunachal Pradesh,Namsai,150.0,2135.0,6003.0,53.89403973509934,Biometric Stress Zone
Arunachal Pradesh,Pakke Kessang,4.0,87.0,74.0,32.2,Standard
Arunachal Pradesh,Papum Pare,447.0,4922.0,9259.0,31.654017857142858,Migrant Hub
Arunachal Pradesh,Shi-yomi,35.0,238.0,529.0,21.305555555555557,Biometric Stress Zone
Arunachal Pradesh,Siang,103.0,777.0,1309.0,20.057692307692307,Biometric Stress Zone
Arunachal Pradesh,Tawang,154.0,951.0,2464.0,22.032258064516128,Biometric Stress Zone
Arunachal Pradesh,Tirap,99.0,990.0,1893.0,28.83,Biometric Stress Zone
Arunachal Pradesh,Upper Siang,43.0,1321.0,1796.0,70.8409090909091,Standard
Arunachal Pradesh,Upper Subansiri,143.0,1549.0,4166.0,39.6875,Biometric Stress Zone
Arunachal Pradesh,West Kameng,278.0,1859.0,6172.0,28.78494623655914,Biometric Stress Zone
Arunachal Pradesh,West Siang,192.0,3552.0,4646.0,42.476683937823836,Migrant Hub
Assam,Bajali,29.0,844.0,23.0,28.9,Standard
Assam,Baksa,3699.0,17012.0,17455.0,9.315405405405405,Standard
Assam,Barpeta,14383.0,59142.0,95421.0,10.745481090100112,Biometric Stress Zone
Assam,Biswanath,1329.0,11025.0,9548.0,15.468421052631578,Migrant Hub
Assam,Bongaigaon,3175.0,39124.0,36608.0,23.84508816120907,Migrant Hub
Assam,Cachar,17514.0,58019.0,66145.0,7.089009420496717,Standard
Assam,Charaideo,1189.0,9913.0,8293.0,15.299159663865547,Migrant Hub
Assam,Chirang,3348.0,13397.0,27087.0,12.088384592415647,Biometric Stress Zone
Assam,Darrang,7595.0,28319.0,26265.0,7.185887309110058,Standard
Assam,Dhemaji,6901.0,22349.0,20730.0,6.24152419588525,Standard
Assam,Dhubri,12646.0,80799.0,59475.0,11.09148414643789,Standard
Assam,Dibrugarh,7062.0,26519.0,26735.0,7.539855585445278,Standard
Assam,Dima Hasao,250.0,280.0,25.0,1.2151394422310757,Standard
Assam,Goalpara,9898.0,40567.0,27624.0,6.888675623800384,Standard
Assam,Golaghat,11505.0,27924.0,20154.0,4.178515557100643,Standard
Assam,Hailakandi,5578.0,21302.0,21123.0,7.604409392364223,Standard
Assam,Hojai,7050.0,25308.0,29002.0,7.702453552687562,Standard
Assam,Jorhat,4887.0,19788.0,16279.0,7.378682487725041,Standard
Assam,Kamrup,13666.0,44584.0,43252.0,6.4268676373746985,Standard
Assam,Kamrup Metro,6046.0,26191.0,26762.0,8.756904250041343,Standard
Assam,Karbi Anglong,8107.0,31121.0,39206.0,8.673778983719783,Standard
Assam,Karimganj,14833.0,41414.0,35646.0,5.194822704597546,Standard
Assam,Kokrajhar,4609.0,22669.0,28859.0,11.177440347071583,Standard
Assam,Lakhimpur,7199.0,35412.0,29772.0,9.053333333333333,Standard
Assam,Majuli,515.0,3281.0,3382.0,12.912790697674419,Standard
Assam,Marigaon,10487.0,43810.0,33936.0,7.412852784134249,Standard
Assam,Nagaon,12873.0,97377.0,117879.0,16.720211278545907,Migrant Hub
Assam,Nalbari,3881.0,20961.0,20251.0,10.61617722823287,Standard
Assam,North Cachar Hills,1058.0,3599.0,4024.0,7.198300283286119,Standard
Assam,Sibsagar,2737.0,13070.0,11380.0,8.929875821767714,Standard
Assam,Sivasagar,422.0,0.0,0.0,0.0,Standard
Assam,Sonitpur,9197.0,43576.0,30117.0,8.011850402261361,Standard
Assam,South Salmara Mankachar,1472.0,21047.0,4848.0,17.57976917854718,Migrant Hub
Assam,Sribhumi,169.0,5087.0,357.0,32.023529411764706,Migrant Hub
Assam,Tamulpur District,55.0,1268.0,70.0,23.892857142857142,Standard
Assam,Tinsukia,8384.0,35249.0,19249.0,6.499463327370304,Standard
Assam,Udalguri,4565.0,19780.0,22348.0,9.226456416995182,Standard
Assam,West Karbi Anglong,1884.0,1451.0,3392.0,2.5692307692307694,Biometric Stress Zone
BALANAGAR,IDPL COLONY,0.0,2.0,0.0,2.0,Standard
Bihar,Araria,15579.0,155315.0,155444.0,19.94602053915276,Migrant Hub
Bihar,Arwal,3866.0,27770.0,30704.0,15.121282648047583,Migrant Hub
Bihar,Aurangabad,10170.0,105840.0,96430.0,19.886933438206665,Migrant Hub
Bihar,Aurangabad(BH),8.0,24.0,10.0,3.7777777777777777,Standard
Bihar,Aurangabad(bh),105.0,670.0,222.0,8.415094339622641,Standard
Bihar,Banka,11074.0,98120.0,98227.0,17.728848758465013,Migrant Hub
Bihar,Begusarai,13209.0,132990.0,147208.0,21.2110522331567,Migrant Hub
Bihar,Bhabua,31.0,132.0,33.0,5.15625,Standard
Bihar,Bhagalpur,21062.0,155026.0,148314.0,14.401557233062716,Standard
Bihar,Bhojpur,13357.0,142341.0,96996.0,17.91712831262165,Migrant Hub
Bihar,Buxar,7240.0,73902.0,57028.0,18.081756663444274,Migrant Hub
Bihar,Darbhanga,15765.0,153928.0,210380.0,23.10719269313713,Migrant Hub
Bihar,East Champaran,29323.0,248028.0,212134.0,15.6923339244305,Migrant Hub
Bihar,Gaya,27401.0,195174.0,185172.0,13.880227720604335,Standard
Bihar,Gopalganj,15148.0,105867.0,103484.0,13.819460030365041,Standard
Bihar,Jamui,10382.0,66920.0,82157.0,14.3577963979582,Standard
Bihar,Jehanabad,4883.0,46361.0,37430.0,17.156224406224407,Migrant Hub
Bihar,Kaimur (Bhabua),7825.0,67018.0,78157.0,18.550345003833375,Migrant Hub
Bihar,Katihar,16350.0,180294.0,217280.0,24.314965445538498,Migrant Hub
Bihar,Khagaria,8196.0,75624.0,79904.0,18.97377089178968,Migrant Hub
Bihar,Kishanganj,8764.0,145141.0,141279.0,32.677695379349686,Migrant Hub
Bihar,Lakhisarai,6155.0,48883.0,49497.0,15.981156595191683,Migrant Hub
Bihar,Madhepura,9027.0,91861.0,117237.0,23.16105449712007,Migrant Hub
Bihar,Madhubani,25930.0,181691.0,238135.0,16.190119933670125,Migrant Hub
Bihar,Monghyr,49.0,282.0,99.0,7.62,Standard
Bihar,Munger,6087.0,55947.0,50471.0,17.479960578186596,Migrant Hub
Bihar,Muzaffarpur,28855.0,206917.0,208544.0,14.397733573606876,Standard
Bihar,Nalanda,14575.0,153043.0,117402.0,18.55413007683864,Migrant Hub
Bihar,Nawada,15413.0,86518.0,86245.0,11.208187362138316,Standard
Bihar,Pashchim Champaran,16359.0,1120.0,353.0,0.09003667481662592,Growth Zone
Bihar,Patna,24644.0,243772.0,209014.0,18.37232704402516,Migrant Hub
Bihar,Purba Champaran,127.0,934.0,264.0,9.359375,Standard
Bihar,Purbi Champaran,14871.0,0.0,0.0,0.0,Growth Zone
Bihar,Purnea,257.0,2806.0,4954.0,30.07751937984496,Biometric Stress Zone
Bihar,Purnia,20100.0,143374.0,228551.0,18.502810805432567,Migrant Hub
Bihar,Rohtas,7939.0,117745.0,111710.0,28.898614609571787,Migrant Hub
Bihar,Saharsa,13063.0,81177.0,119866.0,15.389084507042254,Migrant Hub
Bihar,Samastipur,19207.0,202292.0,200165.0,20.952571845064558,Migrant Hub
Bihar,Samstipur,82.0,448.0,195.0,7.746987951807229,Standard
Bihar,Saran,24218.0,169845.0,148503.0,13.144555927164623,Standard
Bihar,Sheikhpura,3199.0,28088.0,40423.0,21.4096875,Migrant Hub
Bihar,Sheikpura,29.0,178.0,133.0,10.366666666666667,Standard
Bihar,Sheohar,3262.0,31480.0,32682.0,19.66349984676678,Migrant Hub
Bihar,Sitamarhi,42232.0,169848.0,182000.0,8.33111547841735,Standard
Bihar,Siwan,15311.0,123722.0,125804.0,16.29610762800418,Migrant Hub
Bihar,Supaul,10411.0,106911.0,112370.0,21.060411064156742,Migrant Hub
Bihar,Vaishali,18007.0,155594.0,168160.0,17.97834295868503,Migrant Hub
Bihar,West Champaran,30438.0,233389.0,166817.0,13.147803804329971,Standard
Chandigarh,Chandigarh,2720.0,83336.0,74462.0,57.992649761117235,Migrant Hub
Chandigarh,Mohali,0.0,5.0,6.0,11.0,Standard
Chandigarh,Rupnagar,3.0,20.0,14.0,8.5,Standard
Chhatisgarh,Raipur,0.0,4.0,5.0,9.0,Standard
Chhattisgarh,Balod,1678.0,59734.0,81215.0,83.94818344252532,Migrant Hub
Chhattisgarh,Baloda Bazar,4944.0,116270.0,140747.0,51.97512639029323,Migrant Hub
Chhattisgarh,Balrampur,6190.0,60301.0,52243.0,18.17864642222581,Migrant Hub
Chhattisgarh,Bastar,6608.0,79431.0,94384.0,26.299742775003782,Migrant Hub
Chhattisgarh,Bemetara,2771.0,58693.0,111710.0,61.472943722943725,Migrant Hub
Chhattisgarh,Bijapur,6724.0,13047.0,27884.0,6.08639405204461,Biometric Stress Zone
Chhattisgarh,Bilaspur,8941.0,153341.0,195037.0,38.95974055021248,Migrant Hub
Chhattisgarh,Dakshin Bastar Dantewada,1224.0,5896.0,27211.0,27.026122448979592,Migrant Hub
Chhattisgarh,Dantewada,710.0,2398.0,18928.0,29.9943741209564,Biometric Stress Zone
Chhattisgarh,Dhamtari,1968.0,44713.0,90278.0,68.55815134586085,Migrant Hub
Chhattisgarh,Durg,4095.0,77149.0,179851.0,62.744140625,Migrant Hub
Chhattisgarh,Gariyaband,1542.0,27599.0,52088.0,51.644199611147116,Migrant Hub
Chhattisgarh,Gaurela-pendra-marwahi,140.0,3425.0,2289.0,40.52482269503546,Migrant Hub
Chhattisgarh,Gaurella Pendra Marwahi,983.0,0.0,0.0,0.0,Standard
Chhattisgarh,Janjgir - Champa,33.0,215.0,200.0,12.205882352941176,Standard
Chhattisgarh,Janjgir Champa,25.0,236.0,192.0,16.46153846153846,Standard
Chhattisgarh,Janjgir-champa,4639.0,112160.0,180654.0,63.10646551724138,Migrant Hub
Chhattisgarh,Jashpur,2543.0,71023.0,74603.0,57.242924528301884,Migrant Hub
Chhattisgarh,Kabeerdham,955.0,27101.0,32517.0,62.36192468619247,Migrant Hub
Chhattisgarh,Kanker,1705.0,28840.0,53209.0,48.094372801875735,Migrant Hub
Chhattisgarh,Kawardha,2142.0,67000.0,60791.0,59.631824545030334,Migrant Hub
Chhattisgarh,Khairagarh Chhuikhadan Gandai,246.0,6103.0,1035.0,28.898785425101213,Migrant Hub
Chhattisgarh,Kondagaon,3038.0,61964.0,57346.0,39.25962487660414,Migrant Hub
Chhattisgarh,Korba,3542.0,83374.0,101874.0,52.28563364380469,Migrant Hub
Chhattisgarh,Koriya,1763.0,31735.0,60897.0,52.512471655328795,Migrant Hub
Chhattisgarh,Mahasamund,3361.0,134887.0,99869.0,69.82629387269482,Migrant Hub
Chhattisgarh,ManendragarhChirmiriBharatpur,0.0,0.0,312.0,312.0,Biometric Stress Zone
Chhattisgarh,Manendragarh–Chirmiri–Bharatpur,294.0,5113.0,281.0,18.284745762711864,Migrant Hub
Chhattisgarh,Mohalla-Manpur-Ambagarh Chowki,14.0,181.0,67.0,16.533333333333335,Standard
Chhattisgarh,Mohla-Manpur-Ambagarh Chouki,259.0,19811.0,4595.0,93.86923076923077,Migrant Hub
Chhattisgarh,Mungeli,2957.0,70564.0,82567.0,51.7684246112238,Migrant Hub
Chhattisgarh,Narayanpur,762.0,16765.0,22173.0,51.032765399737876,Migrant Hub
Chhattisgarh,Raigarh,4956.0,83436.0,174626.0,52.06011700625378,Migrant Hub
Chhattisgarh,Raipur,7041.0,133007.0,192369.0,46.20505538199375,Migrant Hub
Chhattisgarh,Rajnandgaon,4185.0,148118.0,154498.0,72.29240324892498,Migrant Hub
Chhattisgarh,Sakti,455.0,9685.0,4024.0,30.06359649122807,Migrant Hub
Chhattisgarh,Sarangarh-Bilaigarh,186.0,8055.0,1043.0,48.6524064171123,Migrant Hub
Chhattisgarh,Sukma,2179.0,12746.0,30139.0,19.672018348623855,Migrant Hub
Chhattisgarh,Surajpur,2977.0,42067.0,71822.0,38.243451981195435,Migrant Hub
Chhattisgarh,Surguja,3556.0,115683.0,82860.0,55.817542873207756,Migrant Hub
Chhattisgarh,Uttar Bastar Kanker,888.0,13568.0,30301.0,49.346456692913385,Migrant Hub
Dadra & Nagar Haveli,Dadra & Nagar Haveli,25.0,235.0,553.0,30.307692307692307,Biometric Stress Zone
Dadra and Nagar Haveli,Dadra and Nagar Haveli,744.0,6033.0,27235.0,44.65503355704698,Migrant Hub
Dadra and Nagar Haveli and Daman and Diu,Dadra and Nagar Haveli,88.0,1689.0,1978.0,41.20224719101124,Standard
Dadra and Nagar Haveli and Daman and Diu,Daman,63.0,1687.0,521.0,34.5,Standard
Dadra and Nagar Haveli and Daman and Diu,Diu,22.0,364.0,33.0,17.26086956521739,Standard
Daman & Diu,Daman,9.0,377.0,1412.0,178.9,Biometric Stress Zone
Daman & Diu,Diu,12.0,267.0,773.0,80.0,Biometric Stress Zone
Daman and Diu,Daman,58.0,1104.0,4033.0,87.0677966101695,Biometric Stress Zone
Daman and Diu,Diu,62.0,448.0,2730.0,50.44444444444444,Biometric Stress Zone
Darbhanga,Near University Thana,0.0,2.0,0.0,2.0,Standard
Delhi,Central Delhi,3947.0,49047.0,54060.0,26.11626139817629,Migrant Hub
Delhi,East Delhi,10736.0,187061.0,122805.0,28.85964422091832,Migrant Hub
Delhi,Najafgarh,30.0,195.0,845.0,33.54838709677419,Biometric Stress Zone
Delhi,New Delhi,1637.0,4061.0,4563.0,5.264957264957265,Standard
Delhi,North Delhi,4459.0,86900.0,60830.0,33.12331838565022,Migrant Hub
Delhi,North East,1738.0,11827.0,46620.0,33.6095457159287,Migrant Hub
Delhi,North East   *,2.0,0.0,0.0,0.0,Standard
Delhi,North East Delhi,12113.0,141148.0,143096.0,23.464091134224862,Migrant Hub
Delhi,North West Delhi,16043.0,313989.0,325293.0,39.845549738219894,Migrant Hub
Delhi,Shahdara,1700.0,28544.0,7963.0,21.462081128747794,Migrant Hub
Delhi,South Delhi,13395.0,213489.0,222936.0,32.578754852194685,Migrant Hub
Delhi,South East Delhi,60.0,1169.0,582.0,28.704918032786885,Standard
Delhi,South West Delhi,9255.0,169699.0,141527.0,33.624243733794295,Migrant Hub
Delhi,West Delhi,19414.0,231805.0,173242.0,20.862580479011076,Migrant Hub
Goa,Bardez,2.0,31.0,40.0,23.666666666666668,Standard
Goa,Bicholim,0.0,4.0,0.0,4.0,Standard
Goa,North Goa,1354.0,18843.0,37771.0,41.78154981549815,Migrant Hub
Goa,South Goa,977.0,16238.0,30584.0,47.875255623721884,Migrant Hub
Goa,Tiswadi,0.0,4.0,2.0,6.0,Standard
Gujarat,Ahmadabad,6667.0,7760.0,15682.0,3.515596880623875,Biometric Stress Zone
Gujarat,Ahmedabad,19130.0,267884.0,405490.0,35.19805551199624,Migrant Hub
Gujarat,Amreli,4293.0,27888.0,68514.0,22.45039590125757,Migrant Hub
Gujarat,Anand,6980.0,39149.0,113695.0,21.894284486463256,Migrant Hub
Gujarat,Arvalli,2391.0,8096.0,29669.0,15.78804347826087,Migrant Hub
Gujarat,Banas Kantha,13498.0,473.0,547.0,0.07556115267797614,Growth Zone
Gujarat,Banaskantha,17360.0,75207.0,151757.0,13.073210068544439,Biometric Stress Zone
Gujarat,Bharuch,4351.0,49806.0,76378.0,28.99448529411765,Migrant Hub
Gujarat,Bhavnagar,10174.0,57862.0,141152.0,19.55911547911548,Migrant Hub
Gujarat,Botad,2947.0,7545.0,16256.0,8.073609226594302,Biometric Stress Zone
Gujarat,Chhotaudepur,4107.0,9631.0,33802.0,10.572784810126583,Biometric Stress Zone
Gujarat,Dahod,10509.0,35936.0,115675.0,14.425404376784016,Biometric Stress Zone
Gujarat,Dang,872.0,0.0,0.0,0.0,Standard
Gujarat,Devbhumi Dwarka,2490.0,6586.0,25464.0,12.866318747490967,Biometric Stress Zone
Gujarat,Dohad,13003.0,5212.0,15716.0,1.6093509689326362,Biometric Stress Zone
Gujarat,Gandhinagar,5650.0,64588.0,76564.0,24.978233940895418,Migrant Hub
Gujarat,Gir Somnath,5723.0,12066.0,36766.0,8.53109713487072,Biometric Stress Zone
Gujarat,Jamnagar,6078.0,45719.0,81102.0,20.86214837966771,Migrant Hub
Gujarat,Junagadh,5536.0,38045.0,102672.0,25.413942568177713,Migrant Hub
Gujarat,Kachchh,9302.0,66789.0,123961.0,20.504138449962376,Migrant Hub
Gujarat,Kheda,7567.0,52619.0,117161.0,22.433932346723044,Migrant Hub
Gujarat,Mahesana,6490.0,50217.0,99913.0,23.128947773840704,Migrant Hub
Gujarat,Mahisagar,2563.0,7507.0,30952.0,14.999609984399376,Biometric Stress Zone
Gujarat,Morbi,8004.0,19799.0,31879.0,6.455715178013741,Biometric Stress Zone
Gujarat,Narmada,1280.0,14757.0,39198.0,42.11943793911007,Migrant Hub
Gujarat,Navsari,2757.0,29602.0,45552.0,27.249456127628715,Migrant Hub
Gujarat,Panch Mahals,1402.0,417.0,327.0,0.5302922309337135,Growth Zone
Gujarat,Panchmahals,6279.0,32470.0,104768.0,21.853184713375796,Migrant Hub
Gujarat,Patan,8967.0,29559.0,73949.0,11.54192685102587,Biometric Stress Zone
Gujarat,Porbandar,2519.0,14623.0,30985.0,18.098412698412698,Migrant Hub
Gujarat,Rajkot,17070.0,137600.0,168711.0,17.943354226465935,Migrant Hub
Gujarat,Sabar Kantha,2437.0,643.0,617.0,0.51681706316653,Growth Zone
Gujarat,Sabarkantha,5115.0,43877.0,90387.0,26.243940578577014,Migrant Hub
Gujarat,Surat,25469.0,357582.0,281599.0,25.095445622300748,Migrant Hub
Gujarat,Surendra Nagar,6855.0,38759.0,95711.0,19.6134772462077,Migrant Hub
Gujarat,Surendranagar,1442.0,913.0,527.0,0.997920997920998,Growth Zone
Gujarat,Tapi,2212.0,12190.0,40025.0,23.59466787166742,Migrant Hub
Gujarat,The Dangs,1328.0,6581.0,27950.0,25.982693754702783,Migrant Hub
Gujarat,Vadodara,12284.0,100027.0,201417.0,24.537566137566138,Migrant Hub
Gujarat,Valsad,7448.0,48343.0,84024.0,17.769767754060947,Migrant Hub
Haryana,Akhera,0.0,0.0,1.0,1.0,Biometric Stress Zone
Haryana,Ambala,3218.0,33242.0,72756.0,32.92885989437713,Migrant Hub
Haryana,Bhiwani,3489.0,34280.0,95625.0,37.222063037249285,Migrant Hub
Haryana,Charkhi Dadri,858.0,12095.0,9788.0,25.474970896391152,Migrant Hub
Haryana,Faridabad,16155.0,160555.0,118951.0,17.300445654865065,Migrant Hub
Haryana,Fatehabad,2612.0,41970.0,69794.0,42.772292384232685,Migrant Hub
Haryana,Gurgaon,6861.0,119213.0,70791.0,27.689303410084523,Migrant Hub
Haryana,Gurugram,2636.0,0.0,0.0,0.0,Growth Zone
Haryana,Hisar,5234.0,63206.0,115867.0,34.20687679083095,Migrant Hub
Haryana,Jhajjar,2624.0,32384.0,56639.0,33.91352380952381,Migrant Hub
Haryana,Jhajjar *,1.0,0.0,0.0,0.0,Standard
Haryana,Jind,3821.0,44013.0,91268.0,35.39534275248561,Migrant Hub
Haryana,Kaithal,2991.0,39974.0,79936.0,40.07687165775401,Migrant Hub
Haryana,Karnal,4048.0,49131.0,94019.0,35.35440849592492,Migrant Hub
Haryana,Kurukshetra,2404.0,28709.0,69992.0,41.03991683991684,Migrant Hub
Haryana,Mahendragarh,2754.0,28534.0,48832.0,28.08203266787659,Migrant Hub
Haryana,Mewat,7558.0,66667.0,68325.0,17.85844688450853,Migrant Hub
Haryana,Nuh,1506.0,0.0,0.0,0.0,Growth Zone
Haryana,Palwal,4703.0,68968.0,58697.0,27.13966836734694,Migrant Hub
Haryana,Panchkula,1384.0,34418.0,37369.0,51.83176895306859,Migrant Hub
Haryana,Panipat,6088.0,69084.0,79773.0,24.44687140745607,Migrant Hub
Haryana,Rewari,2485.0,44031.0,49732.0,37.71641190667739,Migrant Hub
Haryana,Rohtak,3413.0,26531.0,75970.0,30.02372583479789,Migrant Hub
Haryana,Sirsa,3335.0,55162.0,97066.0,45.63189448441247,Migrant Hub
Haryana,Sonipat,4619.0,60664.0,84653.0,31.453896103896103,Migrant Hub
Haryana,Yamuna Nagar,3396.0,52881.0,88728.0,41.68648807771563,Migrant Hub
Haryana,Yamunanagar,59.0,428.0,882.0,21.833333333333332,Biometric Stress Zone
Himachal Pradesh,Bilaspur,999.0,6760.0,21906.0,28.666,Migrant Hub
Himachal Pradesh,Chamba,1657.0,19658.0,33842.0,32.26779252110977,Migrant Hub
Himachal Pradesh,Hamirpur,1198.0,7320.0,23819.0,25.970809007506254,Migrant Hub
Himachal Pradesh,Kangra,3966.0,34127.0,89913.0,31.26796067557348,Migrant Hub
Himachal Pradesh,Kinnaur,163.0,1169.0,4467.0,34.36585365853659,Biometric Stress Zone
Himachal Pradesh,Kullu,1239.0,9602.0,21248.0,24.879032258064516,Migrant Hub
Himachal Pradesh,Lahaul and Spiti,3.0,59.0,47.0,26.5,Standard
Himachal Pradesh,Lahul & Spiti,38.0,277.0,595.0,22.358974358974358,Biometric Stress Zone
Himachal Pradesh,Lahul and Spiti,32.0,233.0,765.0,30.242424242424242,Biometric Stress Zone
Himachal Pradesh,Mandi,2514.0,16305.0,63334.0,31.665606361829028,Migrant Hub
Himachal Pradesh,Shimla,1670.0,15742.0,39727.0,33.19509275882705,Migrant Hub
Himachal Pradesh,Sirmaur,1584.0,19418.0,31453.0,32.09526813880126,Migrant Hub
Himachal Pradesh,Solan,1176.0,8983.0,33569.0,36.152931180968565,Migrant Hub
Himachal Pradesh,Una,1247.0,9561.0,31549.0,32.94070512820513,Migrant Hub
Jaipur,Near meera hospital,0.0,2.0,0.0,2.0,Standard
Jammu & Kashmir,Anantnag,4.0,11.0,7.0,3.6,Standard
Jammu & Kashmir,Badgam,2.0,5.0,10.0,5.0,Biometric Stress Zone
Jammu & Kashmir,Bandipur,2.0,0.0,1.0,0.3333333333333333,Biometric Stress Zone
Jammu & Kashmir,Baramula,47.0,105.0,69.0,3.625,Standard
Jammu & Kashmir,Doda,2.0,5.0,4.0,3.0,Standard
Jammu & Kashmir,Jammu,62.0,193.0,232.0,6.746031746031746,Standard
Jammu & Kashmir,Kargil,4.0,11.0,2.0,2.6,Standard
Jammu & Kashmir,Kathua,8.0,48.0,47.0,10.555555555555555,Standard
Jammu & Kashmir,Kupwara,9.0,7.0,3.0,1.0,Standard
Jammu & Kashmir,Leh (ladakh),3.0,7.0,11.0,4.5,Biometric Stress Zone
Jammu & Kashmir,Pulwama,4.0,1.0,2.0,0.6,Biometric Stress Zone
Jammu & Kashmir,Punch,1.0,5.0,5.0,5.0,Standard
Jammu & Kashmir,Rajauri,2.0,15.0,12.0,9.0,Standard
Jammu & Kashmir,Srinagar,3.0,10.0,16.0,6.5,Biometric Stress Zone
Jammu & Kashmir,Udhampur,2.0,3.0,8.0,3.6666666666666665,Biometric Stress Zone
Jammu And Kashmir,Doda,538.0,0.0,0.0,0.0,Standard
Jammu And Kashmir,Shopian,412.0,0.0,0.0,0.0,Standard
Jammu and Kashmir,?,0.0,0.0,1.0,1.0,Biometric Stress Zone
Jammu and Kashmir,Anantnag,3350.0,35555.0,47562.0,24.803640704267384,Migrant Hub
Jammu and Kashmir,Badgam,1865.0,12114.0,14131.0,14.064844587352626,Standard
Jammu and Kashmir,Bandipore,1639.0,15894.0,20373.0,22.1140243902439,Migrant Hub
Jammu and Kashmir,Bandipur,0.0,1.0,0.0,1.0,Standard
Jammu and Kashmir,Baramula,3747.0,36690.0,61866.0,26.29562433297759,Migrant Hub
Jammu and Kashmir,Budgam,859.0,18622.0,23111.0,48.526744186046514,Migrant Hub
Jammu and Kashmir,Doda,3964.0,11372.0,36775.0,12.143001261034048,Biometric Stress Zone
Jammu and Kashmir,Ganderbal,843.0,7529.0,13696.0,25.148104265402843,Migrant Hub
Jammu and Kashmir,Jammu,4558.0,34923.0,98567.0,29.28054397894275,Migrant Hub
Jammu and Kashmir,Kargil,526.0,2045.0,2921.0,9.42314990512334,Standard
Jammu and Kashmir,Kathua,2954.0,20430.0,40116.0,20.489340101522842,Migrant Hub
Jammu and Kashmir,Kishtwar,1269.0,5868.0,20920.0,21.092913385826773,Migrant Hub
Jammu and Kashmir,Kulgam,1211.0,12407.0,25744.0,31.47772277227723,Migrant Hub
Jammu and Kashmir,Kupwara,2875.0,45130.0,49757.0,32.99269819193324,Migrant Hub
Jammu and Kashmir,Leh,206.0,1427.0,2564.0,19.280193236714975,Biometric Stress Zone
Jammu and Kashmir,Poonch,0.0,3.0,1.0,4.0,Standard
Jammu and Kashmir,Pulwama,1871.0,21486.0,32830.0,29.014957264957264,Migrant Hub
Jammu and Kashmir,Punch,2628.0,23435.0,46370.0,26.551920882464817,Migrant Hub
Jammu and Kashmir,Rajouri,2674.0,15808.0,55736.0,26.745420560747664,Migrant Hub
Jammu and Kashmir,Ramban,1920.0,7754.0,29877.0,19.589276418532016,Migrant Hub
Jammu and Kashmir,Reasi,1715.0,8400.0,23240.0,18.43822843822844,Migrant Hub
Jammu and Kashmir,Samba,588.0,5120.0,11225.0,27.750424448217316,Migrant Hub
Jammu and Kashmir,Shupiyan,666.0,8207.0,15529.0,35.58620689655172,Migrant Hub
Jammu and Kashmir,Srinagar,3256.0,39706.0,72828.0,34.551427694197116,Migrant Hub
Jammu and Kashmir,Udhampur,2806.0,16850.0,45477.0,22.204132525828285,Migrant Hub
Jammu and Kashmir,punch,1.0,0.0,0.0,0.0,Standard
Jammu and Kashmir,udhampur,0.0,0.0,1.0,1.0,Biometric Stress Zone
Jharkhand,Bokaro,5800.0,70673.0,108429.0,30.874332011722117,Migrant Hub
Jharkhand,Bokaro *,2.0,0.0,3.0,1.0,Biometric Stress Zone
Jharkhand,Chatra,6302.0,47296.0,67692.0,18.24337617007774,Migrant Hub
Jharkhand,Deoghar,8324.0,60060.0,67426.0,15.313633633633634,Migrant Hub
Jharkhand,Dhanbad,11031.0,107797.0,151069.0,23.465010877447426,Migrant Hub
Jharkhand,Dumka,5825.0,59658.0,76212.0,23.32131822863028,Migrant Hub
Jharkhand,East Singhbhum,8191.0,60660.0,136106.0,24.019287109375,Migrant Hub
Jharkhand,East Singhbum,1447.0,0.0,0.0,0.0,Growth Zone
Jharkhand,Garhwa,6073.0,40273.0,99458.0,23.004774448468883,Migrant Hub
Jharkhand,Garhwa *,381.0,2116.0,5584.0,20.157068062827225,Biometric Stress Zone
Jharkhand,Giridih,14303.0,125671.0,110410.0,16.50454418344519,Migrant Hub
Jharkhand,Godda,5390.0,57677.0,80934.0,25.711556297532926,Migrant Hub
Jharkhand,Gumla,6701.0,46753.0,87878.0,20.088182632050135,Migrant Hub
Jharkhand,Hazaribag,566.0,9726.0,7734.0,30.793650793650794,Migrant Hub
Jharkhand,Hazaribagh,6204.0,66645.0,74932.0,22.816599516518938,Migrant Hub
Jharkhand,Jamtara,4450.0,33003.0,39641.0,16.320826780498763,Migrant Hub
Jharkhand,Khunti,2644.0,21421.0,42955.0,24.33875236294896,Migrant Hub
Jharkhand,Kodarma,310.0,3003.0,4898.0,25.405144694533764,Migrant Hub
Jharkhand,Koderma,3222.0,24185.0,38143.0,19.338504498914055,Migrant Hub
Jharkhand,Latehar,2609.0,38645.0,43463.0,31.459003831417625,Migrant Hub
Jharkhand,Lohardaga,2959.0,17419.0,39196.0,19.12668918918919,Migrant Hub
Jharkhand,Pakaur,297.0,3678.0,2484.0,20.677852348993287,Migrant Hub
Jharkhand,Pakur,6924.0,45461.0,37287.0,11.949169675090253,Standard
Jharkhand,Palamau,286.0,3686.0,2634.0,22.020905923344948,Migrant Hub
Jharkhand,Palamu,8606.0,114051.0,113041.0,26.384570698268853,Migrant Hub
Jharkhand,Pashchimi Singhbhum,599.0,9157.0,14111.0,38.78,Migrant Hub
Jharkhand,Purbi Singhbhum,986.0,4866.0,20559.0,25.75987841945289,Migrant Hub
Jharkhand,Ramgarh,2979.0,35460.0,37237.0,24.39496644295302,Migrant Hub
Jharkhand,Ranchi,14265.0,103653.0,177774.0,19.72711341651479,Migrant Hub
Jharkhand,Sahebganj,6321.0,65749.0,64425.0,20.59063587472319,Migrant Hub
Jharkhand,Sahibganj,365.0,2656.0,2097.0,12.986338797814208,Standard
Jharkhand,Seraikela-Kharsawan,3389.0,28739.0,64174.0,27.407964601769912,Migrant Hub
Jharkhand,Seraikela-kharsawan,861.0,5962.0,14414.0,23.638051044083525,Migrant Hub
Jharkhand,Simdega,2079.0,26085.0,62711.0,42.690384615384616,Migrant Hub
Jharkhand,West Singhbhum,6848.0,59305.0,131186.0,27.812965396408234,Migrant Hub
Karnataka,Bagalkot,7142.0,52661.0,77134.0,18.170936581268375,Migrant Hub
Karnataka,Bagalkot *,249.0,1196.0,1725.0,11.684,Standard
Karnataka,Ballari,2781.0,24399.0,37360.0,22.199496764917324,Migrant Hub
Karnataka,Bangalore,7016.0,51842.0,198979.0,35.74476271911073,Migrant Hub
Karnataka,Bangalore Rural,2644.0,48234.0,38035.0,32.615879017013235,Migrant Hub
Karnataka,Belagavi,7805.0,54321.0,79001.0,17.07942608250064,Migrant Hub
Karnataka,Belgaum,6743.0,63022.0,111069.0,25.81420521945433,Migrant Hub
Karnataka,Bellary,4220.0,27380.0,68247.0,22.655058043117744,Migrant Hub
Karnataka,Bengaluru,30980.0,303924.0,297075.0,19.398954197734096,Migrant Hub
Karnataka,Bengaluru Rural,2790.0,79.0,10.0,0.03188821211035471,Growth Zone
Karnataka,Bengaluru South,203.0,3714.0,146.0,18.92156862745098,Migrant Hub
Karnataka,Bengaluru Urban,23074.0,0.0,0.0,0.0,Growth Zone
Karnataka,Bidar,4920.0,43059.0,79708.0,24.947571631782157,Migrant Hub
Karnataka,Bijapur,4231.0,30382.0,55110.0,20.20132325141777,Migrant Hub
Karnataka,Bijapur(KAR),3.0,1.0,13.0,3.5,Biometric Stress Zone
Karnataka,Chamarajanagar,249.0,1110.0,1845.0,11.82,Biometric Stress Zone
Karnataka,Chamarajanagar *,23.0,56.0,62.0,4.916666666666667,Standard
Karnataka,Chamrajanagar,2227.0,15211.0,28965.0,19.82764811490126,Migrant Hub
Karnataka,Chamrajnagar,380.0,1936.0,2252.0,10.992125984251969,Standard
Karnataka,Chickmagalur,1231.0,10484.0,21919.0,26.301136363636363,Migrant Hub
Karnataka,Chikkaballapur,3152.0,36221.0,41933.0,24.7871868062163,Migrant Hub
Karnataka,Chikkamagaluru,1151.0,11089.0,15176.0,22.799479166666668,Migrant Hub
Karnataka,Chikmagalur,154.0,712.0,1385.0,13.529032258064516,Biometric Stress Zone
Karnataka,Chitradurga,4413.0,47341.0,61227.0,24.59628454916176,Migrant Hub
Karnataka,Dakshina Kannada,6505.0,56402.0,78051.0,20.666000614817094,Migrant Hub
Karnataka,Davanagere,483.0,3186.0,6251.0,19.49793388429752,Migrant Hub
Karnataka,Davangere,4813.0,33773.0,89432.0,25.59306190278355,Migrant Hub
Karnataka,Dharwad,5103.0,55119.0,87821.0,28.005485893416928,Migrant Hub
Karnataka,Gadag,4457.0,28744.0,40725.0,15.582996859578286,Migrant Hub
Karnataka,Gadag *,145.0,847.0,1340.0,14.979452054794521,Biometric Stress Zone
Karnataka,Gulbarga,4356.0,23699.0,64465.0,20.23502409915079,Migrant Hub
Karnataka,Hasan,993.0,8568.0,9682.0,18.36016096579477,Migrant Hub
Karnataka,Hassan,2494.0,38846.0,47012.0,34.41202404809619,Migrant Hub
Karnataka,Haveri,4242.0,57630.0,68328.0,29.68607117605468,Migrant Hub
Karnataka,Haveri *,117.0,964.0,1417.0,20.177966101694917,Standard
Karnataka,Kalaburagi,4782.0,40220.0,70137.0,23.072757683462264,Migrant Hub
Karnataka,Kodagu,1211.0,11481.0,17305.0,23.75082508250825,Migrant Hub
Karnataka,Kolar,4186.0,47265.0,64283.0,26.641509433962263,Migrant Hub
Karnataka,Koppal,5451.0,43399.0,59812.0,18.930851063829788,Migrant Hub
Karnataka,Mandya,3594.0,40261.0,65779.0,29.49652294853964,Migrant Hub
Karnataka,Mysore,3073.0,21231.0,54518.0,24.641834743005855,Migrant Hub
Karnataka,Mysuru,4361.0,37185.0,54589.0,21.039431453461713,Migrant Hub
Karnataka,Raichur,9779.0,48164.0,110877.0,16.261860940695296,Migrant Hub
Karnataka,Ramanagar,2949.0,34834.0,40922.0,25.68,Migrant Hub
Karnataka,Ramanagara,204.0,0.0,0.0,0.0,Standard
Karnataka,Shimoga,2260.0,15514.0,26849.0,18.73639982308713,Migrant Hub
Karnataka,Shivamogga,2229.0,24751.0,33654.0,26.190582959641254,Migrant Hub
Karnataka,Tumakuru,3000.0,28425.0,43561.0,23.987337554148617,Migrant Hub
Karnataka,Tumkur,2942.0,26300.0,64761.0,30.941556235134218,Migrant Hub
Karnataka,Udupi,3591.0,27375.0,34625.0,17.260579064587972,Migrant Hub
Karnataka,Udupi *,2.0,1.0,3.0,1.3333333333333333,Biometric Stress Zone
Karnataka,Uttara Kannada,3470.0,30631.0,43156.0,21.258138864880436,Migrant Hub
Karnataka,Vijayanagara,2119.0,14692.0,19948.0,16.339622641509433,Migrant Hub
Karnataka,Vijayapura,5596.0,31971.0,53092.0,15.19796319456852,Migrant Hub
Karnataka,Yadgir,6258.0,33334.0,60902.0,15.056079245885924,Migrant Hub
Karnataka,yadgir,689.0,2099.0,4281.0,9.246376811594203,Biometric Stress Zone
Kerala,Alappuzha,3559.0,36835.0,87629.0,34.96179775280899,Migrant Hub
Kerala,Ernakulam,6324.0,66207.0,148755.0,33.98608695652174,Migrant Hub
Kerala,Idukki,1698.0,15492.0,47933.0,37.33078281341966,Migrant Hub
Kerala,Kannur,5965.0,57710.0,119399.0,29.686389540730808,Migrant Hub
Kerala,Kasaragod,3555.0,28358.0,71756.0,28.153543307086615,Migrant Hub
Kerala,Kasargod,315.0,1869.0,2138.0,12.680379746835444,Standard
Kerala,Kollam,5069.0,53100.0,127311.0,35.584023668639055,Migrant Hub
Kerala,Kottayam,3321.0,30210.0,78215.0,32.63847080072246,Migrant Hub
Kerala,Kozhikode,6704.0,89927.0,152186.0,36.10932140193885,Migrant Hub
Kerala,Malappuram,14567.0,152390.0,224009.0,25.837383305875893,Migrant Hub
Kerala,Palakkad,6724.0,49996.0,159847.0,31.20342007434944,Migrant Hub
Kerala,Pathanamthitta,1951.0,21035.0,59370.0,41.19108606557377,Migrant Hub
Kerala,Thiruvananthapuram,6663.0,64938.0,148817.0,32.076080432172866,Migrant Hub
Kerala,Thrissur,7071.0,58820.0,145512.0,28.893099547511312,Migrant Hub
Kerala,Wayanad,1516.0,18065.0,36853.0,36.201713909030985,Migrant Hub
Ladakh,Kargil,492.0,2489.0,2942.0,11.016227180527384,Standard
Ladakh,Leh,125.0,3246.0,2821.0,48.15079365079365,Migrant Hub
Lakshadweep,Lakshadweep,203.0,1176.0,4820.0,29.392156862745097,Biometric Stress Zone
Madanapalle,Kadiri Road,0.0,2.0,0.0,2.0,Standard
Madhya Pradesh,Agar Malwa,2537.0,9884.0,16813.0,10.518912529550827,Biometric Stress Zone
Madhya Pradesh,Alirajpur,7010.0,21594.0,62133.0,11.942233632862644,Biometric Stress Zone
Madhya Pradesh,Anuppur,3226.0,26195.0,71350.0,30.227765726681127,Migrant Hub
Madhya Pradesh,Ashok Nagar,5178.0,45017.0,74376.0,23.053292141340027,Migrant Hub
Madhya Pradesh,Ashoknagar,3011.0,0.0,0.0,0.0,Growth Zone
Madhya Pradesh,Balaghat,6805.0,79292.0,126762.0,30.27534528357332,Migrant Hub
Madhya Pradesh,Barwani,21823.0,82759.0,143427.0,10.364094574780058,Biometric Stress Zone
Madhya Pradesh,Betul,8166.0,48246.0,155822.0,24.986898493939023,Migrant Hub
Madhya Pradesh,Bhind,13967.0,58016.0,83365.0,10.121778350515465,Standard
Madhya Pradesh,Bhopal,12862.0,90864.0,186438.0,21.55811241545518,Migrant Hub
Madhya Pradesh,Burhanpur,9689.0,16543.0,74141.0,9.358513931888545,Biometric Stress Zone
Madhya Pradesh,Chhatarpur,17836.0,79858.0,158531.0,13.364859561585469,Biometric Stress Zone
Madhya Pradesh,Chhindwara,8981.0,89422.0,140191.0,25.563682921398353,Migrant Hub
Madhya Pradesh,Damoh,6066.0,55454.0,134483.0,31.30657656172738,Migrant Hub
Madhya Pradesh,Datia,5843.0,36445.0,47034.0,14.284565366187543,Standard
Madhya Pradesh,Dewas,10442.0,47249.0,119901.0,16.005936991286028,Migrant Hub
Madhya Pradesh,Dhar,12712.0,87455.0,146391.0,18.394242114371117,Migrant Hub
Madhya Pradesh,Dindori,2659.0,47417.0,61476.0,40.93721804511278,Migrant Hub
Madhya Pradesh,East Nimar,3859.0,9607.0,40363.0,12.94559585492228,Biometric Stress Zone
Madhya Pradesh,Guna,9811.0,52953.0,132886.0,18.939971463514066,Migrant Hub
Madhya Pradesh,Gwalior,18542.0,81719.0,127120.0,11.26241708461414,Biometric Stress Zone
Madhya Pradesh,Harda,2134.0,10167.0,37769.0,22.452459016393444,Migrant Hub
Madhya Pradesh,Harda *,610.0,2094.0,10172.0,20.075286415711947,Biometric Stress Zone
Madhya Pradesh,Hoshangabad,5982.0,12403.0,97056.0,18.295002507103458,Migrant Hub
Madhya Pradesh,Indore,22303.0,186687.0,221624.0,18.306626614060256,Migrant Hub
Madhya Pradesh,Jabalpur,12467.0,92051.0,158664.0,20.108678216233557,Migrant Hub
Madhya Pradesh,Jhabua,13488.0,41462.0,88726.0,9.651419675290978,Biometric Stress Zone
Madhya Pradesh,Katni,10941.0,56942.0,98452.0,14.201608481082069,Biometric Stress Zone
Madhya Pradesh,Khandwa,4521.0,17730.0,59018.0,16.972136222910216,Migrant Hub
Madhya Pradesh,Khargone,15039.0,40980.0,169201.0,13.974800531914894,Biometric Stress Zone
Madhya Pradesh,Maihar,418.0,4017.0,1521.0,13.217183770883056,Standard
Madhya Pradesh,Mandla,4911.0,56981.0,62247.0,24.272801302931597,Migrant Hub
Madhya Pradesh,Mandsaur,8276.0,54055.0,92460.0,17.701461882324512,Migrant Hub
Madhya Pradesh,Mauganj,438.0,4086.0,1061.0,11.724373576309794,Standard
Madhya Pradesh,Morena,22381.0,110417.0,145559.0,11.436690197480118,Standard
Madhya Pradesh,Narmadapuram,737.0,5909.0,6850.0,17.288617886178862,Migrant Hub
Madhya Pradesh,Narsimhapur,1189.0,4286.0,10348.0,12.29747899159664,Biometric Stress Zone
Madhya Pradesh,Narsinghpur,5174.0,26197.0,63117.0,17.258743961352657,Migrant Hub
Madhya Pradesh,Neemuch,4964.0,36976.0,57011.0,18.929909365558913,Migrant Hub
Madhya Pradesh,Niwari,142.0,1739.0,2295.0,28.20979020979021,Standard
Madhya Pradesh,Pandhurna,98.0,821.0,377.0,12.1010101010101,Standard
Madhya Pradesh,Panna,9339.0,42825.0,98039.0,15.081798715203426,Migrant Hub
Madhya Pradesh,Raisen,7567.0,42813.0,116648.0,21.070428118393234,Migrant Hub
Madhya Pradesh,Rajgarh,8171.0,42280.0,165229.0,25.392682329907,Migrant Hub
Madhya Pradesh,Ratlam,7982.0,79423.0,134947.0,26.85331329074283,Migrant Hub
Madhya Pradesh,Rewa,10838.0,83134.0,194959.0,25.65670264784574,Migrant Hub
Madhya Pradesh,Sagar,13841.0,87877.0,192725.0,20.271781534460338,Migrant Hub
Madhya Pradesh,Satna,13276.0,87053.0,172713.0,19.565112600738118,Migrant Hub
Madhya Pradesh,Sehore,6518.0,27869.0,118002.0,22.37628470624329,Migrant Hub
Madhya Pradesh,Seoni,6081.0,74283.0,85752.0,26.312890496547187,Migrant Hub
Madhya Pradesh,Shahdol,5297.0,54777.0,94572.0,28.18969422423556,Migrant Hub
Madhya Pradesh,Shajapur,7025.0,31225.0,126641.0,22.468830059777968,Migrant Hub
Madhya Pradesh,Sheopur,7230.0,38806.0,56268.0,13.148112294288481,Standard
Madhya Pradesh,Shivpuri,12741.0,68930.0,166572.0,18.482341861560194,Migrant Hub
Madhya Pradesh,Sidhi,6292.0,54093.0,121207.0,27.856348323534085,Migrant Hub
Madhya Pradesh,Singrauli,6550.0,56704.0,108430.0,25.20744924439017,Migrant Hub
Madhya Pradesh,Tikamgarh,7242.0,51168.0,160616.0,29.239817755073865,Migrant Hub
Madhya Pradesh,Ujjain,14308.0,76708.0,149951.0,15.840310294220421,Migrant Hub
Madhya Pradesh,Umaria,5300.0,29625.0,39261.0,12.99490662139219,Standard
Madhya Pradesh,Vidisha,10374.0,49297.0,124890.0,16.78910843373494,Migrant Hub
Madhya Pradesh,West Nimar,760.0,2059.0,9818.0,15.607095926412615,Biometric Stress Zone
Maharashtra,Ahilyanagar,13.0,2418.0,17.0,173.92857142857142,Standard
Maharashtra,Ahmadnagar,11836.0,227667.0,363561.0,49.947452901917714,Migrant Hub
Maharashtra,Ahmed Nagar,340.0,5595.0,5839.0,33.530791788856305,Migrant Hub
Maharashtra,Ahmednagar,368.0,0.0,0.0,0.0,Standard
Maharashtra,Akola,4708.0,62082.0,185085.0,52.48821405818645,Migrant Hub
Maharashtra,Amravati,6915.0,96191.0,338283.0,62.82157316367843,Migrant Hub
Maharashtra,Aurangabad,17393.0,155129.0,311373.0,26.819707945268483,Migrant Hub
Maharashtra,Beed,10185.0,171151.0,255495.0,41.885529157667385,Migrant Hub
Maharashtra,Bhandara,1903.0,37894.0,102204.0,73.58088235294117,Migrant Hub
Maharashtra,Bid,568.0,11918.0,9892.0,38.33040421792619,Migrant Hub
Maharashtra,Buldana,1075.0,22941.0,35737.0,54.53345724907063,Migrant Hub
Maharashtra,Buldhana,7084.0,114172.0,219501.0,47.095695130557516,Migrant Hub
Maharashtra,Chandrapur,4475.0,112071.0,213634.0,72.76697944593387,Migrant Hub
Maharashtra,Chatrapati Sambhaji Nagar,211.0,7640.0,2204.0,46.43396226415094,Migrant Hub
Maharashtra,Chhatrapati Sambhajinagar,1010.0,14738.0,4867.0,19.391691394658753,Migrant Hub
Maharashtra,Dharashiv,144.0,3188.0,643.0,26.420689655172414,Migrant Hub
Maharashtra,Dhule,12605.0,61908.0,197854.0,20.606219260669523,Migrant Hub
Maharashtra,Dist : Thane,0.0,1.0,0.0,1.0,Standard
Maharashtra,Gadchiroli,2374.0,52698.0,140665.0,81.416,Migrant Hub
Maharashtra,Gondia,29.0,975.0,865.0,61.333333333333336,Standard
Maharashtra,Gondiya,2890.0,63618.0,96514.0,55.389830508474574,Migrant Hub
Maharashtra,Gondiya *,57.0,2008.0,1408.0,58.89655172413793,Standard
Maharashtra,Hingoli,8189.0,96551.0,117064.0,26.082417582417584,Migrant Hub
Maharashtra,Hingoli *,1.0,3.0,9.0,6.0,Biometric Stress Zone
Maharashtra,Jalgaon,13260.0,151076.0,417384.0,42.867053766684265,Migrant Hub
Maharashtra,Jalna,5590.0,79540.0,192692.0,48.691110713646935,Migrant Hub
Maharashtra,Kolhapur,7480.0,129934.0,271084.0,53.60486565967117,Migrant Hub
Maharashtra,Latur,7607.0,125627.0,246741.0,48.944269190325976,Migrant Hub
Maharashtra,Mumbai,14552.0,135483.0,404359.0,37.09489452346595,Migrant Hub
Maharashtra,Mumbai City,2929.0,51875.0,47571.0,33.94061433447099,Migrant Hub
Maharashtra,Mumbai Suburban,18216.0,192977.0,174190.0,20.155184717571498,Migrant Hub
Maharashtra,Mumbai( Sub Urban ),419.0,3641.0,4927.0,20.4,Migrant Hub
Maharashtra,Nagpur,11828.0,158901.0,350923.0,43.099501225801,Migrant Hub
Maharashtra,Nanded,11947.0,236789.0,342540.0,48.487529293605625,Migrant Hub
Maharashtra,Nandurbar,10516.0,41044.0,199747.0,22.895407435580488,Migrant Hub
Maharashtra,Nandurbar *,140.0,600.0,1645.0,15.921985815602836,Biometric Stress Zone
Maharashtra,Nashik,22368.0,246100.0,576606.0,36.77884572399303,Migrant Hub
Maharashtra,Osmanabad,4026.0,108833.0,155055.0,65.52967469580332,Migrant Hub
Maharashtra,Palghar,10699.0,122107.0,157952.0,26.17373831775701,Migrant Hub
Maharashtra,Parbhani,6272.0,116829.0,184026.0,47.96030607364897,Migrant Hub
Maharashtra,Pune,31763.0,438478.0,605762.0,32.87495277672837,Migrant Hub
Maharashtra,Raigad,3433.0,42361.0,14025.0,16.419918462434477,Migrant Hub
Maharashtra,Raigarh,5230.0,85867.0,156663.0,46.36398394188492,Migrant Hub
Maharashtra,Raigarh(MH),88.0,853.0,500.0,15.202247191011235,Standard
Maharashtra,Ratnagiri,2603.0,53009.0,139189.0,73.80875576036867,Migrant Hub
Maharashtra,Sangli,7632.0,89884.0,223013.0,40.9926634350845,Migrant Hub
Maharashtra,Satara,6021.0,98223.0,209569.0,51.11125871803387,Migrant Hub
Maharashtra,Sindhudurg,1202.0,27892.0,48377.0,63.399002493765586,Migrant Hub
Maharashtra,Solapur,12292.0,265546.0,334507.0,48.81257626291385,Migrant Hub
Maharashtra,Thane,43688.0,447253.0,571273.0,23.313099407173432,Migrant Hub
Maharashtra,Wardha,1953.0,30342.0,126459.0,80.24616171954965,Migrant Hub
Maharashtra,Washim,3386.0,53874.0,138620.0,56.83318571006791,Migrant Hub
Maharashtra,Washim *,32.0,995.0,839.0,55.57575757575758,Standard
Maharashtra,Yavatmal,7594.0,196112.0,327187.0,68.90046082949308,Migrant Hub
Manipur,Bishnupur,1117.0,42055.0,30309.0,64.7262969588551,Migrant Hub
Manipur,Chandel,759.0,8989.0,8683.0,23.25263157894737,Migrant Hub
Manipur,Churachandpur,4638.0,19273.0,18812.0,8.209743479198103,Standard
Manipur,Imphal East,1132.0,56020.0,59274.0,101.75992939099736,Migrant Hub
Manipur,Imphal West,1236.0,59350.0,61311.0,97.54324979789814,Migrant Hub
Manipur,Jiribam,145.0,1997.0,1966.0,27.143835616438356,Standard
Manipur,Kakching,109.0,3325.0,2047.0,48.836363636363636,Migrant Hub
Manipur,Kangpokpi,0.0,3.0,0.0,3.0,Standard
Manipur,Pherzawl,11.0,176.0,2.0,14.833333333333334,Standard
Manipur,Senapati,1501.0,25510.0,22596.0,32.02796271637816,Migrant Hub
Manipur,Tamenglong,960.0,10431.0,7854.0,19.027055150884497,Migrant Hub
Manipur,Thoubal,1067.0,59244.0,56043.0,107.94662921348315,Migrant Hub
Manipur,Ukhrul,781.0,15176.0,13690.0,36.91304347826087,Migrant Hub
Meghalaya,East Garo Hills,6052.0,6345.0,2724.0,1.4982653229803404,Standard
Meghalaya,East Jaintia Hills,5133.0,3394.0,2782.0,1.2029606544604596,Standard
Meghalaya,East Khasi Hills,28812.0,16360.0,21004.0,1.2967757609412418,Standard
Meghalaya,Eastern West Khasi Hills,818.0,306.0,8.0,0.3833943833943834,Standard
Meghalaya,Jaintia Hills,4.0,25.0,8.0,6.6,Standard
Meghalaya,Kamrup,143.0,0.0,0.0,0.0,Standard
Meghalaya,North Garo Hills,3069.0,3832.0,1243.0,1.6530944625407167,Standard
Meghalaya,Ri Bhoi,9308.0,8216.0,4524.0,1.3685680524223869,Standard
Meghalaya,South Garo Hills,4441.0,4004.0,1285.0,1.1906798739306619,Standard
Meghalaya,South West Garo Hills,4956.0,7182.0,4915.0,2.4403873310470043,Standard
Meghalaya,South West Khasi Hills,3446.0,4740.0,3432.0,2.370757180156658,Standard
Meghalaya,West Garo Hills,15875.0,14970.0,33470.0,3.051146384479718,Biometric Stress Zone
Meghalaya,West Jaintia Hills,11816.0,7460.0,6177.0,1.154015401540154,Standard
Meghalaya,West Khasi Hills,15898.0,10544.0,6054.0,1.0439650292471225,Standard
Mizoram,Aizawl,1059.0,12892.0,37677.0,47.7066037735849,Migrant Hub
Mizoram,Champhai,1165.0,6469.0,15968.0,19.24271012006861,Migrant Hub
Mizoram,Hnahthial,2.0,47.0,17.0,21.333333333333332,Standard
Mizoram,Khawzawl,36.0,35.0,8.0,1.162162162162162,Standard
Mizoram,Kolasib,275.0,3867.0,10931.0,53.61594202898551,Migrant Hub
Mizoram,Lawngtlai,1642.0,4395.0,13430.0,10.849056603773585,Biometric Stress Zone
Mizoram,Lunglei,726.0,7323.0,15289.0,31.103163686382395,Migrant Hub
Mizoram,Mamit,171.0,1809.0,10715.0,72.81395348837209,Biometric Stress Zone
Mizoram,Mammit,79.0,636.0,2857.0,43.6625,Biometric Stress Zone
Mizoram,Saiha,657.0,1851.0,5756.0,11.560790273556231,Biometric Stress Zone
Mizoram,Saitual,12.0,127.0,77.0,15.692307692307692,Standard
Mizoram,Serchhip,102.0,2455.0,7604.0,97.66019417475728,Biometric Stress Zone
Nagaland,Chumukedima,184.0,1837.0,651.0,13.448648648648648,Standard
Nagaland,Dimapur,3196.0,8215.0,25223.0,10.459180481701596,Biometric Stress Zone
Nagaland,Kiphire,908.0,1958.0,4310.0,6.895489548954895,Biometric Stress Zone
Nagaland,Kohima,1621.0,3308.0,13953.0,10.641800246609124,Biometric Stress Zone
Nagaland,Longleng,889.0,820.0,2674.0,3.9258426966292137,Biometric Stress Zone
Nagaland,Meluri,17.0,96.0,865.0,53.388888888888886,Biometric Stress Zone
Nagaland,Mokokchung,490.0,2696.0,8545.0,22.894093686354378,Biometric Stress Zone
Nagaland,Mon,2223.0,4662.0,14044.0,8.410971223021583,Biometric Stress Zone
Nagaland,Niuland,31.0,373.0,285.0,20.5625,Standard
Nagaland,Noklak,354.0,447.0,747.0,3.363380281690141,Biometric Stress Zone
Nagaland,Peren,1454.0,1804.0,4584.0,4.390378006872853,Biometric Stress Zone
Nagaland,Phek,1043.0,1468.0,8758.0,9.795019157088122,Biometric Stress Zone
Nagaland,Shamator,247.0,433.0,170.0,2.431451612903226,Standard
Nagaland,Tseminyu,32.0,91.0,186.0,8.393939393939394,Biometric Stress Zone
Nagaland,Tuensang,1579.0,4239.0,9708.0,8.827215189873417,Biometric Stress Zone
Nagaland,Wokha,558.0,1905.0,6927.0,15.79964221824687,Biometric Stress Zone
Nagaland,Zunheboto,761.0,2439.0,7963.0,13.650918635170603,Biometric Stress Zone
Nagpur,Near Uday nagar NIT garden,0.0,1.0,0.0,1.0,Standard
ODISHA,NUAPADA,1.0,50.0,34.0,42.0,Standard
Odisha,ANGUL,1.0,9.0,5.0,7.0,Standard
Odisha,ANUGUL,13.0,145.0,245.0,27.857142857142858,Biometric Stress Zone
Odisha,Angul,3009.0,29455.0,64048.0,31.064119601328905,Migrant Hub
Odisha,Anugal,3.0,11.0,4.0,3.75,Standard
Odisha,Anugul,143.0,1458.0,1654.0,21.61111111111111,Standard
Odisha,BALANGIR,0.0,0.0,1.0,1.0,Biometric Stress Zone
Odisha,Balangir,5234.0,37804.0,88972.0,24.21700095510984,Migrant Hub
Odisha,Baleshwar,845.0,10283.0,21064.0,37.0531914893617,Migrant Hub
Odisha,Baleswar,6015.0,43208.0,104663.0,24.5796210106383,Migrant Hub
Odisha,Balianta,0.0,1.0,0.0,1.0,Standard
Odisha,Bargarh,5150.0,34705.0,80792.0,22.422248107163657,Migrant Hub
Odisha,Baudh,171.0,1126.0,4840.0,34.68604651162791,Biometric Stress Zone
Odisha,Bhadrak,4520.0,40043.0,92075.0,29.22318071223181,Migrant Hub
Odisha,Bhadrak(R),0.0,1.0,0.0,1.0,Standard
Odisha,Boudh,1424.0,9187.0,24307.0,23.50456140350877,Migrant Hub
Odisha,Cuttack,5080.0,48636.0,134761.0,36.09466640425113,Migrant Hub
Odisha,Debagarh,876.0,7982.0,16247.0,27.627137970353477,Migrant Hub
Odisha,Dhenkanal,2891.0,29303.0,76075.0,36.43775933609958,Migrant Hub
Odisha,Gajapati,1994.0,21304.0,58926.0,40.21553884711779,Migrant Hub
Odisha,Ganjam,7714.0,94585.0,181851.0,35.83097861309138,Migrant Hub
Odisha,JAJPUR,2472.0,18582.0,36548.0,22.292761827739586,Migrant Hub
Odisha,Jagatsinghapur,3149.0,15608.0,48175.0,20.248571428571427,Migrant Hub
Odisha,Jagatsinghpur,694.0,5173.0,12093.0,24.843165467625898,Migrant Hub
Odisha,Jajapur,2497.0,26249.0,59354.0,34.26861489191353,Migrant Hub
Odisha,Jajpur,17.0,235.0,286.0,28.944444444444443,Standard
Odisha,Jharsuguda,1157.0,16671.0,25789.0,36.666666666666664,Migrant Hub
Odisha,Kalahandi,4485.0,47377.0,94910.0,31.718011591618367,Migrant Hub
Odisha,Kandhamal,3049.0,31772.0,59713.0,29.995081967213114,Migrant Hub
Odisha,Kendrapara,3962.0,39680.0,78148.0,29.732021196063588,Migrant Hub
Odisha,Kendujhar,5377.0,54065.0,101944.0,29.008739308293045,Migrant Hub
Odisha,Khorda,4315.0,37593.0,94318.0,30.563253012048193,Migrant Hub
Odisha,Khordha,496.0,4608.0,8995.0,27.37022132796781,Migrant Hub
Odisha,Koraput,4383.0,41430.0,103982.0,33.168795620437955,Migrant Hub
Odisha,Malkangiri,2823.0,20854.0,48015.0,24.387039660056658,Migrant Hub
Odisha,Mayurbhanj,8122.0,71471.0,156918.0,28.11633632894251,Migrant Hub
Odisha,NAYAGARH,0.0,0.0,9.0,9.0,Biometric Stress Zone
Odisha,NUAPADA,38.0,303.0,261.0,14.461538461538462,Standard
Odisha,Nabarangapur,6229.0,41822.0,90575.0,21.251524879614767,Migrant Hub
Odisha,Nabarangpur,442.0,0.0,0.0,0.0,Standard
Odisha,Nayagarh,2362.0,22895.0,60835.0,35.43377063055438,Migrant Hub
Odisha,Nuapada,2081.0,17890.0,46656.0,31.001921229586937,Migrant Hub
Odisha,Puri,3511.0,30837.0,71481.0,29.13382687927107,Migrant Hub
Odisha,Rayagada,3045.0,31473.0,58871.0,29.65988181221274,Migrant Hub
Odisha,Sambalpur,2552.0,30078.0,52190.0,32.22405013709361,Migrant Hub
Odisha,Sonapur,1488.0,13163.0,26255.0,26.472800537273336,Migrant Hub
Odisha,Subarnapur,399.0,4309.0,6475.0,26.96,Migrant Hub
Odisha,Sundargarh,591.0,7024.0,15031.0,37.255067567567565,Migrant Hub
Odisha,Sundergarh,4000.0,42675.0,94258.0,34.224693826543366,Migrant Hub
Odisha,jajpur,18.0,154.0,212.0,19.263157894736842,Standard
Orissa,Angul,0.0,3.0,2.0,5.0,Standard
Orissa,Anugul,51.0,210.0,206.0,8.0,Standard
Orissa,Anugul  *,0.0,0.0,1.0,1.0,Biometric Stress Zone
Orissa,Balangir,436.0,4790.0,12073.0,38.588100686498855,Migrant Hub
Orissa,Baleshwar,384.0,2004.0,3772.0,15.002597402597402,Biometric Stress Zone
Orissa,Baleswar,3.0,6.0,11.0,4.25,Biometric Stress Zone
Orissa,Bargarh,89.0,766.0,1015.0,19.788888888888888,Standard
Orissa,Baudh,4.0,4.0,5.0,1.8,Standard
Orissa,Bhadrak,371.0,2607.0,5605.0,22.0752688172043,Biometric Stress Zone
Orissa,Cuttack,322.0,2035.0,6307.0,25.826625386996906,Biometric Stress Zone
Orissa,Debagarh,7.0,7.0,5.0,1.5,Standard
Orissa,Dhenkanal,126.0,680.0,1572.0,17.73228346456693,Biometric Stress Zone
Orissa,Gajapati,8.0,64.0,66.0,14.444444444444445,Standard
Orissa,Ganjam,402.0,4254.0,7011.0,27.952853598014887,Migrant Hub
Orissa,Jagatsinghapur,35.0,81.0,227.0,8.555555555555555,Biometric Stress Zone
Orissa,Jajapur,111.0,484.0,759.0,11.098214285714286,Biometric Stress Zone
Orissa,Jajapur  *,0.0,3.0,0.0,3.0,Standard
Orissa,Jharsuguda,25.0,115.0,67.0,7.0,Standard
Orissa,Kalahandi,11.0,18.0,14.0,2.6666666666666665,Standard
Orissa,Kandhamal,32.0,273.0,226.0,15.121212121212121,Standard
Orissa,Kendrapara,53.0,239.0,238.0,8.833333333333334,Standard
Orissa,Kendrapara *,1.0,0.0,0.0,0.0,Standard
Orissa,Kendujhar,49.0,373.0,289.0,13.24,Standard
Orissa,Khorda,2.0,5.0,4.0,3.0,Standard
Orissa,Khordha,726.0,4048.0,13629.0,24.31499312242091,Migrant Hub
Orissa,Khordha  *,0.0,0.0,1.0,1.0,Biometric Stress Zone
Orissa,Koraput,119.0,830.0,1229.0,17.158333333333335,Standard
Orissa,Malkangiri,47.0,218.0,221.0,9.145833333333334,Standard
Orissa,Mayurbhanj,32.0,50.0,67.0,3.5454545454545454,Standard
Orissa,Nabarangapur,3.0,14.0,11.0,6.25,Standard
Orissa,Nayagarh,104.0,617.0,1188.0,17.19047619047619,Biometric Stress Zone
Orissa,Nuapada,2.0,2.0,2.0,1.3333333333333333,Standard
Orissa,Puri,220.0,2026.0,3442.0,24.742081447963802,Biometric Stress Zone
Orissa,Rayagada,181.0,898.0,1428.0,12.780219780219781,Biometric Stress Zone
Orissa,Sambalpur,25.0,242.0,132.0,14.384615384615385,Standard
Orissa,Sonapur,22.0,104.0,70.0,7.565217391304348,Standard
Orissa,Subarnapur,6.0,51.0,30.0,11.571428571428571,Standard
Orissa,Sundargarh,139.0,636.0,1156.0,12.8,Biometric Stress Zone
Orissa,Sundergarh,1.0,1.0,2.0,1.5,Biometric Stress Zone
Pondicherry,Cuddalore,0.0,0.0,6.0,6.0,Biometric Stress Zone
Pondicherry,Karaikal,162.0,904.0,2733.0,22.312883435582823,Biometric Stress Zone
Pondicherry,Pondicherry,1084.0,6327.0,24718.0,28.612903225806452,Migrant Hub
Pondicherry,Viluppuram,0.0,0.0,8.0,8.0,Biometric Stress Zone
Pondicherry,Yanam,26.0,228.0,122.0,12.962962962962964,Standard
Puducherry,Karaikal,405.0,5418.0,13513.0,46.62807881773399,Migrant Hub
Puducherry,Pondicherry,3.0,27.0,53.0,20.0,Biometric Stress Zone
Puducherry,Puducherry,1330.0,19774.0,28654.0,36.38467317806161,Migrant Hub
Puducherry,Yanam,7.0,85.0,101.0,23.25,Standard
Punjab,Amritsar,9655.0,99075.0,155008.0,26.313483844241922,Migrant Hub
Punjab,Barnala,1013.0,13504.0,35539.0,48.365877712031555,Migrant Hub
Punjab,Bathinda,2704.0,37420.0,96740.0,49.597042513863215,Migrant Hub
Punjab,Faridkot,902.0,14722.0,39412.0,59.94905869324474,Migrant Hub
Punjab,Fatehgarh Sahib,1048.0,15346.0,37399.0,50.28122020972354,Migrant Hub
Punjab,Fazilka,1911.0,31662.0,61395.0,48.66997907949791,Migrant Hub
Punjab,Ferozepur,1381.0,28195.0,55330.0,60.43777134587554,Migrant Hub
Punjab,Firozpur,395.0,6524.0,11480.0,45.464646464646464,Migrant Hub
Punjab,Gurdaspur,5120.0,71972.0,119235.0,37.337824643624295,Migrant Hub
Punjab,Hoshiarpur,4134.0,46549.0,92764.0,33.69117291414752,Migrant Hub
Punjab,Jalandhar,4118.0,51131.0,141270.0,46.7106093712066,Migrant Hub
Punjab,Kapurthala,3726.0,13872.0,54103.0,18.238529648510866,Migrant Hub
Punjab,Ludhiana,17614.0,119703.0,190927.0,17.634402497871132,Migrant Hub
Punjab,Malerkotla,865.0,15099.0,13787.0,33.35565819861432,Migrant Hub
Punjab,Mansa,1124.0,23555.0,59039.0,73.41688888888889,Migrant Hub
Punjab,Moga,1535.0,24046.0,61344.0,55.592447916666664,Migrant Hub
Punjab,Muktsar,334.0,3551.0,8879.0,37.1044776119403,Migrant Hub
Punjab,Nawanshahr,192.0,2958.0,4189.0,37.031088082901555,Standard
Punjab,Pathankot,1115.0,14496.0,26596.0,36.82078853046595,Migrant Hub
Punjab,Patiala,5150.0,89052.0,119311.0,40.450980392156865,Migrant Hub
Punjab,Rupnagar,1246.0,13705.0,45453.0,47.440256615878106,Migrant Hub
Punjab,S.A.S Nagar,705.0,0.0,0.0,0.0,Standard
Punjab,S.A.S Nagar(Mohali),277.0,2321.0,2735.0,18.18705035971223,Standard
Punjab,SAS Nagar (Mohali),2953.0,58072.0,57841.0,39.23933649289099,Migrant Hub
Punjab,Sangrur,2329.0,29915.0,82470.0,48.23390557939914,Migrant Hub
Punjab,Shaheed Bhagat Singh Nagar,946.0,6344.0,30500.0,38.90601900739176,Migrant Hub
Punjab,Sri Muktsar Sahib,1315.0,21691.0,56223.0,59.20516717325228,Migrant Hub
Punjab,Tarn Taran,2939.0,27415.0,80702.0,36.77448979591837,Migrant Hub
Puttenahalli,5th cross,0.0,1.0,0.0,1.0,Standard
Raja Annamalai Puram,Near Dhyana Ashram,0.0,1.0,0.0,1.0,Standard
Rajasthan,Ajmer,12135.0,124036.0,141858.0,21.909525379037575,Migrant Hub
Rajasthan,Alwar,23383.0,144744.0,223449.0,15.745509750256586,Migrant Hub
Rajasthan,Balotra,1.0,503.0,6.0,254.5,Standard
Rajasthan,Banswara,7263.0,101294.0,93711.0,26.845401982378856,Migrant Hub
Rajasthan,Baran,6267.0,78758.0,80256.0,25.36917677089981,Migrant Hub
Rajasthan,Barmer,15851.0,111721.0,196765.0,19.46038354781731,Migrant Hub
Rajasthan,Beawar,1.0,510.0,8.0,259.0,Standard
Rajasthan,Bharatpur,17054.0,105063.0,141155.0,14.436704778657285,Standard
Rajasthan,Bhilwara,11083.0,97739.0,120019.0,19.646156622158067,Migrant Hub
Rajasthan,Bikaner,13283.0,81652.0,130871.0,15.998419150858176,Migrant Hub
Rajasthan,Bundi,4872.0,48701.0,62857.0,22.893084342294273,Migrant Hub
Rajasthan,Chittaurgarh,357.0,2065.0,2238.0,12.019553072625698,Standard
Rajasthan,Chittorgarh,5986.0,61824.0,62598.0,20.782027726741273,Migrant Hub
Rajasthan,Churu,12780.0,76097.0,133224.0,16.37751349659651,Migrant Hub
Rajasthan,Dausa,6133.0,50267.0,106330.0,25.52934463645256,Migrant Hub
Rajasthan,Deeg,61.0,248.0,142.0,6.290322580645161,Standard
Rajasthan,Deeg ,8.0,1051.0,16.0,118.55555555555556,Standard
Rajasthan,Dhaulpur,139.0,488.0,400.0,6.3428571428571425,Standard
Rajasthan,Dholpur,8580.0,77555.0,74417.0,17.710290175970165,Migrant Hub
Rajasthan,Didwana-Kuchaman,2.0,720.0,8.0,242.66666666666666,Standard
Rajasthan,Dungarpur,6571.0,95308.0,86558.0,27.672854534388314,Migrant Hub
Rajasthan,Ganganagar,5504.0,69218.0,102528.0,31.198183469573117,Migrant Hub
Rajasthan,Hanumangarh,4940.0,77237.0,96633.0,35.18923294879579,Migrant Hub
Rajasthan,Jaipur,31146.0,275340.0,355884.0,20.265964619385496,Migrant Hub
Rajasthan,Jaisalmer,2854.0,21384.0,44977.0,23.243782837127846,Migrant Hub
Rajasthan,Jalor,13991.0,66690.0,99786.0,11.89794168096055,Standard
Rajasthan,Jalore,494.0,1036.0,20.0,2.1333333333333333,Standard
Rajasthan,Jhalawar,7036.0,81092.0,80112.0,22.908057410828476,Migrant Hub
Rajasthan,Jhunjhunu,311.0,2742.0,1941.0,15.009615384615385,Standard
Rajasthan,Jhunjhunun,7611.0,54652.0,110392.0,21.68208092485549,Migrant Hub
Rajasthan,Jodhpur,22215.0,139970.0,219033.0,16.15965970471732,Migrant Hub
Rajasthan,Karauli,8636.0,58446.0,80971.0,16.14183165450967,Migrant Hub
Rajasthan,Khairthal-Tijara,0.0,1057.0,15.0,1072.0,Standard
Rajasthan,Kota,7525.0,93066.0,93354.0,24.770130215253786,Migrant Hub
Rajasthan,Kotputli-Behror,0.0,529.0,7.0,536.0,Standard
Rajasthan,Nagaur,17267.0,103427.0,205368.0,17.88249942089414,Migrant Hub
Rajasthan,Pali,9114.0,66337.0,155910.0,24.382556226001096,Migrant Hub
Rajasthan,Phalodi,0.0,204.0,2.0,206.0,Standard
Rajasthan,Pratapgarh,3794.0,48556.0,56287.0,27.6266139657444,Migrant Hub
Rajasthan,Rajsamand,4512.0,47170.0,61962.0,24.181697318856635,Migrant Hub
Rajasthan,Salumbar,1.0,213.0,1.0,107.0,Standard
Rajasthan,Sawai Madhopur,6744.0,45155.0,81422.0,18.766048925129727,Migrant Hub
Rajasthan,Sikar,11400.0,78337.0,161613.0,21.046399438645732,Migrant Hub
Rajasthan,Sirohi,10732.0,41293.0,70150.0,10.38321065871611,Biometric Stress Zone
Rajasthan,Tonk,5915.0,56628.0,79923.0,23.081643002028397,Migrant Hub
Rajasthan,Udaipur,14906.0,127492.0,179778.0,20.612463943113973,Migrant Hub
Sikkim,East,370.0,5867.0,5523.0,30.700808625336926,Migrant Hub
Sikkim,East Sikkim,339.0,3513.0,4089.0,22.358823529411765,Migrant Hub
Sikkim,Mangan,3.0,67.0,0.0,16.75,Standard
Sikkim,Namchi,24.0,282.0,5.0,11.48,Standard
Sikkim,North,44.0,443.0,307.0,16.666666666666668,Standard
Sikkim,North Sikkim,62.0,446.0,918.0,21.650793650793652,Biometric Stress Zone
Sikkim,South,197.0,3739.0,3050.0,34.28787878787879,Migrant Hub
Sikkim,South Sikkim,459.0,1409.0,2053.0,7.526086956521739,Standard
Sikkim,West,208.0,2553.0,3584.0,29.363636363636363,Standard
Sikkim,West Sikkim,501.0,2021.0,3291.0,10.581673306772908,Biometric Stress Zone
Tamil Nadu,Ariyalur,2412.0,23351.0,77473.0,41.78367177786987,Migrant Hub
Tamil Nadu,Chengalpattu,1253.0,21533.0,6248.0,22.15390749601276,Migrant Hub
Tamil Nadu,Chennai,10043.0,148368.0,233030.0,37.972720031859815,Migrant Hub
Tamil Nadu,Coimbatore,8986.0,117738.0,219722.0,37.549794147101366,Migrant Hub
Tamil Nadu,Cuddalore,8630.0,81595.0,168105.0,28.930599003591706,Migrant Hub
Tamil Nadu,Dharmapuri,5739.0,41380.0,104858.0,25.47700348432056,Migrant Hub
Tamil Nadu,Dindigul,6083.0,57577.0,186123.0,40.055884286653516,Migrant Hub
Tamil Nadu,Erode,6017.0,68409.0,147495.0,35.876370887337984,Migrant Hub
Tamil Nadu,Kallakurichi,1064.0,10790.0,4818.0,14.655399061032863,Standard
Tamil Nadu,Kancheepuram,13050.0,141293.0,233919.0,28.749674354455596,Migrant Hub
Tamil Nadu,Kanchipuram,387.0,8.0,9.0,0.04381443298969072,Standard
Tamil Nadu,Kanniyakumari,2275.0,38678.0,69432.0,47.5,Migrant Hub
Tamil Nadu,Kanyakumari,2005.0,20696.0,29748.0,25.146560319042873,Migrant Hub
Tamil Nadu,Karur,4019.0,27344.0,57807.0,21.1818407960199,Migrant Hub
Tamil Nadu,Krishnagiri,5075.0,61909.0,120803.0,35.995271867612296,Migrant Hub
Tamil Nadu,Madurai,9938.0,106052.0,213798.0,32.18130596639501,Migrant Hub
Tamil Nadu,Mayiladuthurai,502.0,3602.0,4309.0,15.727634194831014,Migrant Hub
Tamil Nadu,Nagapattinam,4047.0,38029.0,80677.0,29.324604743083004,Migrant Hub
Tamil Nadu,Namakkal,4872.0,45816.0,120991.0,34.230863944182225,Migrant Hub
Tamil Nadu,Namakkal   *,1.0,0.0,0.0,0.0,Standard
Tamil Nadu,Perambalur,2130.0,15661.0,57037.0,34.11450023463163,Migrant Hub
Tamil Nadu,Pudukkottai,7045.0,52057.0,130306.0,25.881776894692024,Migrant Hub
Tamil Nadu,Ramanathapuram,4005.0,38291.0,100419.0,34.62556165751373,Migrant Hub
Tamil Nadu,Ranipet,111.0,1390.0,637.0,18.098214285714285,Standard
Tamil Nadu,Salem,10249.0,106371.0,240644.0,33.85512195121951,Migrant Hub
Tamil Nadu,Sivaganga,4446.0,34296.0,95190.0,29.11760737575894,Migrant Hub
Tamil Nadu,Tenkasi,1268.0,10020.0,10203.0,15.936170212765957,Migrant Hub
Tamil Nadu,Thanjavur,7372.0,76835.0,169567.0,33.419503594195035,Migrant Hub
Tamil Nadu,The Nilgiris,1714.0,15273.0,44104.0,34.62215743440233,Migrant Hub
Tamil Nadu,Theni,3473.0,38776.0,86722.0,36.124928036845134,Migrant Hub
Tamil Nadu,Thiruvallur,605.0,1823.0,2897.0,7.788778877887789,Biometric Stress Zone
Tamil Nadu,Thiruvarur,4165.0,37780.0,72799.0,26.543206913106097,Migrant Hub
Tamil Nadu,Thoothukkudi,5319.0,44695.0,139861.0,34.69097744360902,Migrant Hub
Tamil Nadu,Tiruchirappalli,9932.0,73681.0,193570.0,26.90536595187758,Migrant Hub
Tamil Nadu,Tirunelveli,9675.0,79890.0,214773.0,30.452976436544027,Migrant Hub
Tamil Nadu,Tirupathur,4.0,93.0,59.0,30.4,Standard
Tamil Nadu,Tirupattur,1048.0,9352.0,12111.0,20.4604385128694,Migrant Hub
Tamil Nadu,Tiruppur,6192.0,85946.0,148772.0,37.90053285968028,Migrant Hub
Tamil Nadu,Tiruvallur,11435.0,148408.0,237793.0,33.770636586218956,Migrant Hub
Tamil Nadu,Tiruvannamalai,7266.0,65218.0,141455.0,28.439933947984038,Migrant Hub
Tamil Nadu,Tiruvarur,1.0,2.0,3.0,2.5,Standard
Tamil Nadu,Tuticorin,2.0,4.0,6.0,3.3333333333333335,Standard
Tamil Nadu,Vellore,9633.0,89400.0,191803.0,29.188602864853642,Migrant Hub
Tamil Nadu,Villupuram,6772.0,39568.0,121261.0,23.745607559427135,Migrant Hub
Tamil Nadu,Viluppuram,5122.0,35788.0,85466.0,23.668553581885615,Migrant Hub
Tamil Nadu,Virudhunagar,5407.0,57442.0,121294.0,33.05029585798817,Migrant Hub
Tamilnadu,Chennai,0.0,0.0,1.0,1.0,Biometric Stress Zone
Telangana,Adilabad,2987.0,46010.0,80283.0,42.26673360107095,Migrant Hub
Telangana,Bhadradri Kothagudem,3211.0,33729.0,21603.0,17.2266500622665,Migrant Hub
Telangana,Hanumakonda,1030.0,18975.0,9017.0,27.150339476236663,Migrant Hub
Telangana,Hyderabad,25990.0,216457.0,228541.0,17.121234273402333,Migrant Hub
Telangana,Jagitial,1595.0,16299.0,10745.0,16.94486215538847,Migrant Hub
Telangana,Jangaon,81.0,802.0,280.0,13.195121951219512,Standard
Telangana,Jangoan,1022.0,16900.0,7279.0,23.635386119257088,Migrant Hub
Telangana,Jayashankar Bhupalpally,847.0,16261.0,4568.0,24.5625,Migrant Hub
Telangana,Jogulamba Gadwal,1844.0,33576.0,11330.0,24.33929539295393,Migrant Hub
Telangana,K.v. Rangareddy,17409.0,197330.0,248581.0,25.61234922458357,Migrant Hub
Telangana,Kamareddy,2008.0,24445.0,15241.0,19.754106520657043,Migrant Hub
Telangana,Karimnagar,5808.0,77995.0,135876.0,36.817180237562404,Migrant Hub
Telangana,Khammam,3888.0,53808.0,62170.0,29.82206222679352,Migrant Hub
Telangana,Komaram Bheem,1106.0,27458.0,9677.0,33.54561878952123,Migrant Hub
Telangana,Mahabubabad,1503.0,23410.0,10180.0,22.33377659574468,Migrant Hub
Telangana,Mahabubnagar,10168.0,96426.0,195049.0,28.663093716196283,Migrant Hub
Telangana,Mancherial,1094.0,27123.0,12409.0,36.10228310502283,Migrant Hub
Telangana,Medak,7544.0,54969.0,126666.0,24.073558648111334,Migrant Hub
Telangana,Medchal Malkajgiri,704.0,0.0,0.0,0.0,Standard
Telangana,Medchal-malkajgiri,4070.0,85252.0,30130.0,28.342422009334317,Migrant Hub
Telangana,Medchal?malkajgiri,2.0,350.0,856.0,402.0,Biometric Stress Zone
Telangana,Medchalâmalkajgiri,0.0,1.0,0.0,1.0,Standard
Telangana,Medchal−malkajgiri,535.0,1677.0,4613.0,11.735074626865671,Biometric Stress Zone
Telangana,Mulugu,937.0,11698.0,5387.0,18.214285714285715,Migrant Hub
Telangana,Nagarkurnool,1361.0,20170.0,12454.0,23.953010279001468,Migrant Hub
Telangana,Nalgonda,6661.0,77441.0,137989.0,32.33713599519664,Migrant Hub
Telangana,Narayanpet,1310.0,16732.0,6287.0,17.558352402745996,Migrant Hub
Telangana,Nirmal,1401.0,33846.0,13324.0,33.64479315263909,Migrant Hub
Telangana,Nizamabad,6577.0,66975.0,117196.0,27.99802371541502,Migrant Hub
Telangana,Peddapalli,588.0,9927.0,6427.0,27.765704584040748,Migrant Hub
Telangana,Rajanna Sircilla,888.0,11165.0,8085.0,21.653543307086615,Migrant Hub
Telangana,Ranga Reddy,284.0,0.0,0.0,0.0,Standard
Telangana,Rangareddy,300.0,5562.0,2786.0,27.73421926910299,Migrant Hub
Telangana,Sangareddy,2703.0,37288.0,22079.0,21.95525147928994,Migrant Hub
Telangana,Siddipet,1876.0,35961.0,16209.0,27.794352690463505,Migrant Hub
Telangana,Suryapet,2042.0,45789.0,20093.0,32.24767498776309,Migrant Hub
Telangana,Vikarabad,2593.0,60549.0,14223.0,28.824980724749423,Migrant Hub
Telangana,Wanaparthy,1667.0,25180.0,9974.0,21.075539568345324,Migrant Hub
Telangana,Warangal,2952.0,29101.0,91610.0,40.87741280054182,Migrant Hub
Telangana,Warangal (urban),7.0,121.0,11.0,16.5,Standard
Telangana,Warangal Rural,732.0,17700.0,7169.0,33.92769440654843,Migrant Hub
Telangana,Warangal Urban,663.0,15578.0,8583.0,36.38704819277108,Migrant Hub
Telangana,Yadadri.,1586.0,39872.0,12674.0,33.11027095148078,Migrant Hub
The Dadra And Nagar Haveli And Daman And Diu,Dadra And Nagar Haveli,716.0,0.0,0.0,0.0,Standard
Tripura,Dhalai,1420.0,15425.0,34968.0,35.46305418719212,Migrant Hub
Tripura,Dhalai  *,32.0,392.0,647.0,31.484848484848484,Biometric Stress Zone
Tripura,Gomati,679.0,9761.0,14702.0,35.975,Migrant Hub
Tripura,Khowai,339.0,3511.0,9166.0,37.28529411764706,Migrant Hub
Tripura,North Tripura,1488.0,14931.0,47498.0,41.9267965077233,Migrant Hub
Tripura,Sepahijala,1728.0,15325.0,19625.0,20.213996529786005,Migrant Hub
Tripura,South Tripura,2158.0,30679.0,57556.0,40.86845761926818,Migrant Hub
Tripura,Unakoti,639.0,3643.0,15733.0,30.275,Migrant Hub
Tripura,West Tripura,2802.0,44346.0,92260.0,48.735640385301465,Migrant Hub
Uttar Pradesh,Agra,29910.0,175953.0,235048.0,13.740797699842867,Standard
Uttar Pradesh,Aligarh,26192.0,186462.0,199500.0,14.735310960943764,Standard
Uttar Pradesh,Allahabad,13249.0,186295.0,258910.0,33.60037735849057,Migrant Hub
Uttar Pradesh,Ambedkar Nagar,8002.0,75756.0,87220.0,20.364363363738597,Migrant Hub
Uttar Pradesh,Amethi,7197.0,76280.0,93271.0,23.555293136982495,Migrant Hub
Uttar Pradesh,Amroha,8142.0,90302.0,92672.0,22.470097015841827,Migrant Hub
Uttar Pradesh,Auraiya,3733.0,51799.0,63181.0,30.79271558650241,Migrant Hub
Uttar Pradesh,Auraiya *,0.0,0.0,1.0,1.0,Biometric Stress Zone
Uttar Pradesh,Ayodhya,1693.0,15277.0,7391.0,13.381345926800472,Standard
Uttar Pradesh,Azamgarh,20573.0,159789.0,173398.0,16.19456595703315,Migrant Hub
Uttar Pradesh,Baghpat,6839.0,54908.0,58029.0,16.51125730994152,Migrant Hub
Uttar Pradesh,Baghpat *,0.0,3.0,0.0,3.0,Standard
Uttar Pradesh,Bagpat,1.0,10.0,8.0,9.0,Standard
Uttar Pradesh,Bahraich,39338.0,129697.0,181078.0,7.899921197793538,Standard
Uttar Pradesh,Ballia,9976.0,104948.0,133005.0,23.85015535732184,Migrant Hub
Uttar Pradesh,Balrampur,12324.0,78076.0,102112.0,14.619716024340772,Standard
Uttar Pradesh,Banda,10591.0,69435.0,92491.0,15.287575528700906,Migrant Hub
Uttar Pradesh,Bara Banki,9086.0,109967.0,165242.0,30.286012985583803,Migrant Hub
Uttar Pradesh,Barabanki,2375.0,4960.0,4224.0,3.8653198653198655,Standard
Uttar Pradesh,Bareilly,27811.0,241742.0,234808.0,17.13469006184381,Migrant Hub
Uttar Pradesh,Basti,10119.0,84810.0,109201.0,19.17104743083004,Migrant Hub
Uttar Pradesh,Bhadohi,546.0,11780.0,6540.0,33.49177330895795,Migrant Hub
Uttar Pradesh,Bijnor,16851.0,226859.0,217048.0,26.34150249228578,Migrant Hub
Uttar Pradesh,Budaun,15529.0,171339.0,110318.0,18.136316806181583,Migrant Hub
Uttar Pradesh,Bulandshahar,185.0,663.0,220.0,4.747311827956989,Standard
Uttar Pradesh,Bulandshahr,16885.0,174757.0,180832.0,21.058213905010067,Migrant Hub
Uttar Pradesh,Chandauli,9566.0,93603.0,90544.0,19.24814466394899,Migrant Hub
Uttar Pradesh,Chandauli *,0.0,1.0,1.0,2.0,Standard
Uttar Pradesh,Chitrakoot,5401.0,44546.0,62732.0,19.858941132913735,Migrant Hub
Uttar Pradesh,Chitrakoot *,0.0,1.0,0.0,1.0,Standard
Uttar Pradesh,Deoria,10257.0,109251.0,138613.0,24.16299473581595,Migrant Hub
Uttar Pradesh,Etah,11264.0,61891.0,87429.0,13.255215268530847,Standard
Uttar Pradesh,Etawah,7154.0,62080.0,79095.0,19.730957372466808,Migrant Hub
Uttar Pradesh,Faizabad,6926.0,69979.0,94916.0,23.804677349501947,Migrant Hub
Uttar Pradesh,Farrukhabad,5870.0,70138.0,77196.0,25.095213762561745,Migrant Hub
Uttar Pradesh,Fatehpur,12333.0,107120.0,117914.0,18.245013783038754,Migrant Hub
Uttar Pradesh,Firozabad,12300.0,139201.0,113767.0,20.564832127469312,Migrant Hub
Uttar Pradesh,Gautam Buddha Nagar,18957.0,153991.0,89439.0,12.840489503112142,Standard
Uttar Pradesh,Gautam Buddha Nagar *,0.0,0.0,2.0,2.0,Biometric Stress Zone
Uttar Pradesh,Ghaziabad,23070.0,239761.0,192022.0,18.715400286073425,Migrant Hub
Uttar Pradesh,Ghazipur,11288.0,127840.0,145692.0,24.22995836655151,Migrant Hub
Uttar Pradesh,Gonda,15267.0,125916.0,152075.0,18.207427298925857,Migrant Hub
Uttar Pradesh,Gorakhpur,19969.0,158865.0,178164.0,16.87676514772158,Migrant Hub
Uttar Pradesh,Hamirpur,3465.0,42440.0,54687.0,28.022792844777843,Migrant Hub
Uttar Pradesh,Hapur,7262.0,44282.0,56755.0,13.911193721602643,Standard
Uttar Pradesh,Hardoi,25193.0,143951.0,205097.0,13.854409780106375,Standard
Uttar Pradesh,Hathras,6493.0,60658.0,80404.0,21.721897135817677,Migrant Hub
Uttar Pradesh,Jalaun,5557.0,60673.0,74682.0,24.35318459877654,Migrant Hub
Uttar Pradesh,Jaunpur,15853.0,155741.0,183080.0,21.371325848366343,Migrant Hub
Uttar Pradesh,Jhansi,7160.0,71841.0,112005.0,25.67322999581064,Migrant Hub
Uttar Pradesh,Jyotiba Phule Nagar,84.0,605.0,177.0,9.2,Standard
Uttar Pradesh,Jyotiba Phule Nagar *,0.0,1.0,0.0,1.0,Standard
Uttar Pradesh,Kannauj,6638.0,59687.0,71653.0,19.783099864437414,Migrant Hub
Uttar Pradesh,Kanpur Dehat,8017.0,72089.0,75626.0,18.422923422299824,Migrant Hub
Uttar Pradesh,Kanpur Nagar,24708.0,170125.0,181438.0,14.22813549718726,Standard
Uttar Pradesh,Kasganj,6341.0,49707.0,74519.0,19.587827183853673,Migrant Hub
Uttar Pradesh,Kaushambi,7463.0,77012.0,97595.0,23.393220793140408,Migrant Hub
Uttar Pradesh,Kheri,24578.0,183098.0,190063.0,15.1821066764311,Migrant Hub
Uttar Pradesh,Kushi Nagar,1570.0,0.0,0.0,0.0,Growth Zone
Uttar Pradesh,Kushinagar,10611.0,167255.0,147826.0,29.691010177157935,Migrant Hub
Uttar Pradesh,Kushinagar *,6.0,140.0,79.0,31.285714285714285,Standard
Uttar Pradesh,Lalitpur,4753.0,46802.0,75520.0,25.73033235170383,Migrant Hub
Uttar Pradesh,Lucknow,25514.0,209476.0,217390.0,16.73000195963159,Migrant Hub
Uttar Pradesh,Maharajganj,17871.0,108898.0,103101.0,11.862074753804835,Standard
Uttar Pradesh,Mahoba,3020.0,32304.0,46339.0,26.03210857332009,Migrant Hub
Uttar Pradesh,Mahoba *,0.0,0.0,1.0,1.0,Biometric Stress Zone
Uttar Pradesh,Mahrajganj,19.0,44.0,25.0,3.45,Standard
Uttar Pradesh,Mainpuri,11726.0,69441.0,73791.0,12.213865438731133,Standard
Uttar Pradesh,Mathura,11746.0,109289.0,119417.0,19.46931131352686,Migrant Hub
Uttar Pradesh,Mau,7579.0,87700.0,87861.0,23.16108179419525,Migrant Hub
Uttar Pradesh,Meerut,24027.0,167219.0,173652.0,14.186407524554687,Standard
Uttar Pradesh,Mirzapur,7645.0,87276.0,108192.0,25.564739733193825,Migrant Hub
Uttar Pradesh,Moradabad,21545.0,163505.0,160474.0,15.03661932609301,Migrant Hub
Uttar Pradesh,Muzaffarnagar,11949.0,135633.0,169851.0,25.563514644351464,Migrant Hub
Uttar Pradesh,Pilibhit,13635.0,136263.0,135630.0,19.93935171604576,Migrant Hub
Uttar Pradesh,Pratapgarh,10308.0,104730.0,131960.0,22.959549907847514,Migrant Hub
Uttar Pradesh,Prayagraj,2865.0,29027.0,20223.0,17.184228890439638,Migrant Hub
Uttar Pradesh,Rae Bareli,9729.0,108253.0,128738.0,24.356731757451183,Migrant Hub
Uttar Pradesh,Raebareli,3.0,14.0,9.0,5.75,Standard
Uttar Pradesh,Rampur,20110.0,155518.0,124942.0,13.945601909402814,Standard
Uttar Pradesh,Saharanpur,19166.0,167814.0,190716.0,18.705587728909062,Migrant Hub
Uttar Pradesh,Sambhal,8677.0,99589.0,103347.0,23.38511177690712,Migrant Hub
Uttar Pradesh,Sant Kabir Nagar,6169.0,79206.0,90540.0,27.511507293354942,Migrant Hub
Uttar Pradesh,Sant Ravidas Nagar,4420.0,49163.0,68073.0,26.51798235693282,Migrant Hub
Uttar Pradesh,Sant Ravidas Nagar Bhadohi,84.0,297.0,110.0,4.788235294117647,Standard
Uttar Pradesh,Shahjahanpur,24291.0,149472.0,154488.0,12.512761402931005,Standard
Uttar Pradesh,Shamli,8200.0,75614.0,103134.0,21.79587855139617,Migrant Hub
Uttar Pradesh,Shravasti,2535.0,0.0,0.0,0.0,Growth Zone
Uttar Pradesh,Shrawasti,5117.0,62721.0,56564.0,23.30695584212583,Migrant Hub
Uttar Pradesh,Siddharth Nagar,4341.0,0.0,0.0,0.0,Growth Zone
Uttar Pradesh,Siddharthnagar,14013.0,93643.0,107280.0,14.337305551591266,Standard
Uttar Pradesh,Sitapur,30854.0,169322.0,264311.0,14.053897261383893,Biometric Stress Zone
Uttar Pradesh,Sonbhadra,5034.0,72077.0,103755.0,34.92194637537239,Migrant Hub
Uttar Pradesh,Sultanpur,11434.0,82621.0,98465.0,15.836117184083953,Migrant Hub
Uttar Pradesh,Unnao,19148.0,124543.0,146390.0,14.14867617107943,Standard
Uttar Pradesh,Varanasi,23334.0,159498.0,182411.0,14.652196271694878,Standard
Uttarakhand,Almora,1367.0,15786.0,32408.0,35.22953216374269,Migrant Hub
Uttarakhand,Bageshwar,742.0,6928.0,21495.0,38.254374158815615,Migrant Hub
Uttarakhand,Chamoli,1090.0,11790.0,28402.0,36.839596700274974,Migrant Hub
Uttarakhand,Champawat,866.0,12505.0,23214.0,41.19838523644752,Migrant Hub
Uttarakhand,Dehradun,9485.0,82622.0,129280.0,22.338393421884884,Migrant Hub
Uttarakhand,Garhwal,56.0,404.0,336.0,12.982456140350877,Standard
Uttarakhand,Hardwar,146.0,1187.0,895.0,14.16326530612245,Standard
Uttarakhand,Haridwar,5955.0,68900.0,134636.0,34.17327065144392,Migrant Hub
Uttarakhand,Nainital,3951.0,49100.0,69361.0,29.97494939271255,Migrant Hub
Uttarakhand,Pauri Garhwal,1856.0,21130.0,43759.0,34.94291868605277,Migrant Hub
Uttarakhand,Pithoragarh,1220.0,14702.0,30183.0,36.76085176085176,Migrant Hub
Uttarakhand,Rudraprayag,956.0,7834.0,24178.0,33.450365726227794,Migrant Hub
Uttarakhand,Tehri Garhwal,2781.0,25866.0,57281.0,29.887491013659236,Migrant Hub
Uttarakhand,Udham Singh Nagar,6095.0,134862.0,144867.0,45.887303149606296,Migrant Hub
Uttarakhand,Uttarkashi,1132.0,10021.0,24468.0,30.440423654015888,Migrant Hub
Uttaranchal,Almora,0.0,0.0,1.0,1.0,Biometric Stress Zone
Uttaranchal,Garhwal,0.0,0.0,1.0,1.0,Biometric Stress Zone
Uttaranchal,Tehri Garhwal,0.0,2.0,0.0,2.0,Standard
Uttaranchal,Udham Singh Nagar *,0.0,3.0,0.0,3.0,Standard
WEST BENGAL,HOOGHLY,4.0,44.0,16.0,12.0,Standard
WEST BENGAL,HOWRAH,0.0,23.0,19.0,42.0,Standard
WEST BENGAL,hooghly,0.0,4.0,2.0,6.0,Standard
WESTBENGAL,HOOGHLY,1.0,57.0,12.0,34.5,Standard
West  Bengal,Hooghly,15.0,107.0,28.0,8.4375,Standard
West Bangal,Hooghly,6.0,93.0,34.0,18.142857142857142,Standard
West Bangal,Howrah,4.0,51.0,19.0,14.0,Standard
West Bangal,South 24 Parganas,0.0,13.0,1.0,14.0,Standard
West Bengal,24 Paraganas North,6147.0,0.0,0.0,0.0,Growth Zone
West Bengal,24 Paraganas South,490.0,0.0,0.0,0.0,Standard
West Bengal,Alipurduar,3673.0,10834.0,7625.0,5.024224278715296,Standard
West Bengal,Bally Jagachha,0.0,1.0,5.0,6.0,Biometric Stress Zone
West Bengal,Bankura,11355.0,145827.0,108049.0,22.35611130679817,Migrant Hub
West Bengal,Barddhaman,15836.0,170401.0,181126.0,22.19656500599861,Migrant Hub
West Bengal,Bardhaman,1776.0,23249.0,14175.0,21.060213843556557,Migrant Hub
West Bengal,Birbhum,15509.0,151363.0,110194.0,16.86376531270148,Migrant Hub
West Bengal,Burdwan,2.0,0.0,5.0,1.6666666666666667,Biometric Stress Zone
West Bengal,Cooch Behar,10728.0,122859.0,45164.0,15.660639388573026,Migrant Hub
West Bengal,Coochbehar,4410.0,0.0,0.0,0.0,Growth Zone
West Bengal,Dakshin Dinajpur,6526.0,84278.0,44659.0,19.754404780144018,Migrant Hub
West Bengal,Darjeeling,7319.0,53637.0,40102.0,12.80587431693989,Standard
West Bengal,Darjiling,726.0,8271.0,2586.0,14.933975240715268,Standard
West Bengal,Dinajpur Dakshin,997.0,0.0,0.0,0.0,Standard
West Bengal,Dinajpur Uttar,11671.0,0.0,0.0,0.0,Growth Zone
West Bengal,Domjur,0.0,2.0,3.0,5.0,Standard
West Bengal,East Midnapore,2118.0,25247.0,26698.0,24.513921661160925,Migrant Hub
West Bengal,East Midnapur,1.0,20.0,13.0,16.5,Standard
West Bengal,East midnapore,0.0,3.0,5.0,8.0,Biometric Stress Zone
West Bengal,HOOGHLY,2.0,24.0,4.0,9.333333333333334,Standard
West Bengal,HOWRAH,3.0,30.0,11.0,10.25,Standard
West Bengal,Haora,2862.0,39895.0,27755.0,23.62906042612644,Migrant Hub
West Bengal,Hawrah,6.0,32.0,13.0,6.428571428571429,Standard
West Bengal,Hooghiy,1.0,32.0,7.0,19.5,Standard
West Bengal,Hooghly,15327.0,181680.0,160710.0,22.337552192066806,Migrant Hub
West Bengal,Howrah,11407.0,107731.0,99334.0,18.15085904628331,Migrant Hub
West Bengal,Hugli,194.0,1264.0,439.0,8.733333333333333,Standard
West Bengal,Jalpaiguri,10654.0,187511.0,80643.0,25.166963866729237,Migrant Hub
West Bengal,Jhargram,962.0,7258.0,4006.0,11.696780893042575,Standard
West Bengal,KOLKATA,1.0,23.0,2.0,12.5,Standard
West Bengal,Kalimpong,513.0,2381.0,723.0,6.038910505836576,Standard
West Bengal,Koch Bihar,3348.0,71087.0,13201.0,25.168109883547327,Migrant Hub
West Bengal,Kolkata,10361.0,106476.0,91010.0,19.058675931287397,Migrant Hub
West Bengal,MALDA,15.0,88.0,41.0,8.0625,Standard
West Bengal,Malda,15815.0,196380.0,95318.0,18.44322205361659,Migrant Hub
West Bengal,Maldah,1756.0,22566.0,14176.0,20.91178144564599,Migrant Hub
West Bengal,Medinipur,29.0,178.0,75.0,8.433333333333334,Standard
West Bengal,Medinipur West,645.0,0.0,0.0,0.0,Standard
West Bengal,Murshidabad,35911.0,371953.0,219079.0,16.4577856983738,Migrant Hub
West Bengal,NADIA,3.0,18.0,3.0,5.25,Standard
West Bengal,Nadia,17710.0,192312.0,127791.0,18.073683021850826,Migrant Hub
West Bengal,Naihati Anandabazar,0.0,2.0,0.0,2.0,Standard
West Bengal,North 24 Parganas,28606.0,290477.0,223910.0,17.981158457720138,Migrant Hub
West Bengal,North Dinajpur,342.0,4901.0,1195.0,17.77259475218659,Migrant Hub
West Bengal,North Twenty Four Parganas,1627.0,19735.0,14653.0,21.122850122850124,Migrant Hub
West Bengal,Paschim Bardhaman,1276.0,16681.0,10105.0,20.975724353954583,Migrant Hub
West Bengal,Paschim Medinipur,18085.0,214180.0,148750.0,20.06690257657857,Migrant Hub
West Bengal,Purba Bardhaman,3041.0,24451.0,12845.0,12.2603550295858,Standard
West Bengal,Purba Medinipur,14322.0,103429.0,131356.0,16.392166445577043,Migrant Hub
West Bengal,Purulia,783.0,7309.0,3875.0,14.26530612244898,Standard
West Bengal,Puruliya,13219.0,155038.0,92096.0,18.69394856278366,Migrant Hub
West Bengal,South  Twenty Four Parganas,0.0,5.0,0.0,5.0,Standard
West Bengal,South 24 Pargana,2.0,17.0,3.0,6.666666666666667,Standard
West Bengal,South 24 Parganas,33540.0,401137.0,224624.0,18.6565993858263,Migrant Hub
West Bengal,South 24 pargana,0.0,12.0,1.0,13.0,Standard
West Bengal,South 24 parganas,2.0,24.0,5.0,9.666666666666666,Standard
West Bengal,South Dinajpur,446.0,6819.0,2125.0,20.008948545861298,Migrant Hub
West Bengal,South DumDum(M),0.0,8.0,6.0,14.0,Standard
West Bengal,South Twenty Four Parganas,4107.0,42066.0,33382.0,18.36611489776047,Migrant Hub
West Bengal,Uttar Dinajpur,26892.0,270232.0,91756.0,13.460305655746849,Standard
West Bengal,West Medinipur,2.0,12.0,4.0,5.333333333333333,Standard
West Bengal,West Midnapore,2190.0,30680.0,18978.0,22.664536741214057,Migrant Hub
West Bengal,east midnapore,0.0,1.0,1.0,2.0,Standard
West Bengal,hooghly,3.0,32.0,21.0,13.25,Standard
West Bengal,nadia,3.0,13.0,7.0,5.0,Standard
West Bengli,Hooghly,0.0,3.0,0.0,3.0,Standard
West bengal,Hooghly,0.0,6.0,2.0,8.0,Standard
West bengal,South 24 Parganas,0.0,11.0,1.0,12.0,Standard
West bengal,hooghly,7.0,43.0,17.0,7.5,Standard
Westbengal,Hooghly,6.0,87.0,16.0,14.714285714285714,Standard
Westbengal,Howrah,0.0,8.0,3.0,11.0,Standard
andhra pradesh,chittoor,4.0,57.0,33.0,18.0,Standard
andhra pradesh,rangareddi,1.0,20.0,8.0,14.0,Standard
odisha,Gajapati,0.0,20.0,16.0,36.0,Standard
west Bengal,South 24 Parganas,0.0,15.0,1.0,16.0,Standard
